1457452530489769987	GrueneTernberg	2021-11-07 20:58:56+00:00	Twitter Web App	None	None	None	0	Geht bald los! #imzentrum #Klimaschutz https://t.co/9ESggDv54k
1457451302993244162	prnstnr	2021-11-07 20:54:03+00:00	Twitter for Android	None	None	None	0	#imzentrum heut √ºber den Klimawandel. Logische Themenwahl bei 10k Corona-F√§llen.
1457446404134215683	ORFImZentrum	2021-11-07 20:34:35+00:00	Twitter for Android	None	None	None	0	RT @chri_gru: üì¢ Heute: Einschalten! Wieder mal ein #imzentrum zur #Klimakrise. ü§ù
1457443963640631308	chri_gru	2021-11-07 20:24:53+00:00	Twitter for Android	None	None	None	1	üì¢ Heute: Einschalten! Wieder mal ein #imzentrum zur #Klimakrise. ü§ù https://t.co/265okQXn1e
1457437504626470919	Austriaa25	2021-11-07 19:59:13+00:00	Twitter Web App	None	None	None	0	Was, #imzentrum ohne COVID? J'accuse!
1457430687326298125	RNachhaltig	2021-11-07 19:32:08+00:00	Twitter for iPhone	None	None	None	0	RT @diegruenen: üì∫ Tipp - @StefanKaineder ist heute Abend zu Gast bei einem #imzentrum zum Thema ‚ÄûKlima sch√ºtzen, Leben retten - Wie radika‚Ä¶
1457428141409017860	GernotWagner	2021-11-07 19:22:01+00:00	Twitter for Android	None	None	None	0	RT @ORFImZentrum: "Klima sch√ºtzen, Leben retten ‚Äì Wie radikal muss der Wandel sein?" Dazu heute bei @reiterec #imzentrum @StefanKaineder,‚Ä¶
1457427780803649548	ExplainSimple	2021-11-07 19:20:35+00:00	Twitter Web App	None	None	None	0	RT @ORFImZentrum: "Klima sch√ºtzen, Leben retten ‚Äì Wie radikal muss der Wandel sein?" Dazu heute bei @reiterec #imzentrum @StefanKaineder,‚Ä¶
1457426420477661192	wolf_kamp	2021-11-07 19:15:10+00:00	Twitter for Android	None	None	None	0	RT @ORFImZentrum: "Klima sch√ºtzen, Leben retten ‚Äì Wie radikal muss der Wandel sein?" Dazu heute bei @reiterec #imzentrum @StefanKaineder,‚Ä¶
1457412634622431239	erwin16	2021-11-07 18:20:24+00:00	Twitter for iPhone	None	None	None	0	RT @ORFImZentrum: "Klima sch√ºtzen, Leben retten ‚Äì Wie radikal muss der Wandel sein?" Dazu heute bei @reiterec #imzentrum @StefanKaineder,‚Ä¶
1457412094886916101	SimonTschannett	2021-11-07 18:18:15+00:00	Twitter for iPhone	None	None	None	0	RT @ORFImZentrum: "Klima sch√ºtzen, Leben retten ‚Äì Wie radikal muss der Wandel sein?" Dazu heute bei @reiterec #imzentrum @StefanKaineder,‚Ä¶
1457408579271548928	j_danko_	2021-11-07 18:04:17+00:00	Twitter for iPad	None	None	None	0	RT @ORFImZentrum: "Klima sch√ºtzen, Leben retten ‚Äì Wie radikal muss der Wandel sein?" Dazu heute bei @reiterec #imzentrum @StefanKaineder,‚Ä¶
1457404285541552129	MattSchmelzer	2021-11-07 17:47:13+00:00	Twitter Web App	None	None	None	0	RT @ORFImZentrum: "Klima sch√ºtzen, Leben retten ‚Äì Wie radikal muss der Wandel sein?" Dazu heute bei @reiterec #imzentrum @StefanKaineder,‚Ä¶
1457387628811202565	ORFImZentrum	2021-11-07 16:41:02+00:00	Twitter Web App	None	None	None	9	"Klima sch√ºtzen, Leben retten ‚Äì Wie radikal muss der Wandel sein?" Dazu heute bei @reiterec #imzentrum @StefanKaineder, Martin Ohneberg, @GernotWagner, Lena Schilling und zugeschaltet: Ernst Ulrich von Weizs√§cker || 22:10 || ORF2
1457372008572981261	wolf_kamp	2021-11-07 15:38:58+00:00	Twitter for Android	None	None	None	0	RT @diegruenen: üì∫ Tipp - @StefanKaineder ist heute Abend zu Gast bei einem #imzentrum zum Thema ‚ÄûKlima sch√ºtzen, Leben retten - Wie radika‚Ä¶
1457371021628018695	GeorgBrantegger	2021-11-07 15:35:02+00:00	Twitter for Android	None	None	None	0	RT @diegruenen: üì∫ Tipp - @StefanKaineder ist heute Abend zu Gast bei einem #imzentrum zum Thema ‚ÄûKlima sch√ºtzen, Leben retten - Wie radika‚Ä¶
1457369712883609606	AngelaStoytchev	2021-11-07 15:29:50+00:00	Twitter for Android	None	None	None	0	RT @diegruenen: üì∫ Tipp - @StefanKaineder ist heute Abend zu Gast bei einem #imzentrum zum Thema ‚ÄûKlima sch√ºtzen, Leben retten - Wie radika‚Ä¶
1457366080284995591	LehmannKarin	2021-11-07 15:15:24+00:00	Twitter for Android	None	None	None	0	RT @diegruenen: üì∫ Tipp - @StefanKaineder ist heute Abend zu Gast bei einem #imzentrum zum Thema ‚ÄûKlima sch√ºtzen, Leben retten - Wie radika‚Ä¶
1457362017694666754	diegruenen	2021-11-07 14:59:16+00:00	Twitter for iPhone	None	None	None	5	üì∫ Tipp - @StefanKaineder ist heute Abend zu Gast bei einem #imzentrum zum Thema ‚ÄûKlima sch√ºtzen, Leben retten - Wie radikal muss der Wandel sein?‚Äú https://t.co/8mRZUhNcMu
1457333052263342082	doktorhulk	2021-11-07 13:04:10+00:00	Twitter Web App	None	None	None	0	RT @doktorhulk: @proletin @Shirleyinaktiv #impfzentrum statt #imzentrum
1457333037541339137	doktorhulk	2021-11-07 13:04:06+00:00	Twitter Web App	1457327912491888646	229453663	proletin	1	@proletin @Shirleyinaktiv #impfzentrum statt #imzentrum
1457332110772084737	Shirleyinaktiv	2021-11-07 13:00:25+00:00	Twitter Web App	None	None	None	0	RT @proletin: Wie lange noch bis ein Vertreter der Adlergruppe in #imzentrum nach einem Lockdown winselt? Voting im Kommentar drunter http‚Ä¶
1457327912491888646	proletin	2021-11-07 12:43:44+00:00	Twitter for Android	None	None	None	2	Wie lange noch bis ein Vertreter der Adlergruppe in #imzentrum nach einem Lockdown winselt? Voting im Kommentar drunter https://t.co/ooDAL2C4Ts
1457304268759781377	DianaWeidlinger	2021-11-07 11:09:47+00:00	Twitter for iPhone	None	None	None	0	Das sind √ºbrigens die 5 Szenarien des Weltklimarats (IPCC), was den globalen Temperaturanstieg bis 2100 angeht. Das 1,5-Grad-Ziel wird nur in 1 Szenario (gerade so) erreicht und das nur, wenn 2050 eine Klimaneutralit√§t eintritt. #pressestunde #imzentrum https://t.co/1gxFJR3ULG
1457301500024311810	ChristophFreina	2021-11-07 10:58:47+00:00	TweetDeck	None	None	None	0	Lieber #AnneWill zur Pandemie als #ImZentrum zum Klima.
1457252599913136129	Ozz_EU	2021-11-07 07:44:28+00:00	Twitter for iPad	1457052462154665990	3373630474	Caro__Lin3	0	@Caro__Lin3 @rjf_berger @ORFImZentrum ‚ÄûAusreden lassen‚Äú und #ImZentrum passen nicht wirklich gut zusammen. ü§°
1457066403547291650	MattSchmelzer	2021-11-06 19:24:36+00:00	Twitter Web App	None	None	None	0	RT @ORFImZentrum: "Klima sch√ºtzen, Leben retten - Wie radikal muss der Wandel sein?" Dazu bei @reiterec #imzentrum: der stv Bundessprecher‚Ä¶
1457033299898028034	reiterec	2021-11-06 17:13:03+00:00	Twitter for iPhone	None	None	None	0	RT @ORFImZentrum: "Klima sch√ºtzen, Leben retten - Wie radikal muss der Wandel sein?" Dazu bei @reiterec #imzentrum: der stv Bundessprecher‚Ä¶
1457027074879787015	zuschoen	2021-11-06 16:48:19+00:00	Twitter for iPhone	None	None	None	0	RT @kurtfleisch: #K√∂stinger bei der Sektenberatung - Elli, es ist vorbei. #Strolz #imzentrum https://t.co/GjCNAXfExB
1457014174949773317	ORFImZentrum	2021-11-06 15:57:03+00:00	Twitter for Android	None	None	None	2	"Klima sch√ºtzen, Leben retten - Wie radikal muss der Wandel sein?" Dazu bei @reiterec #imzentrum: der stv Bundessprecher der Gr√ºnen @StefanKaineder, Verbund-Aufsichtsratsvorsitzende Martin Ohneberg, Klima-√ñkonom @GernotWagner u Klima-Aktivistin Lena Schilling. || So 22:10 ORF2 https://t.co/GwtjMtZvFe
1457007834558836737	los_tomos	2021-11-06 15:31:52+00:00	Twitter for iPhone	1456992696552366085	1135197349465210886	Septuaginta_LXX	0	@Septuaginta_LXX @CirkoMartina @SZ das ist mir zu m√ºhsam. Muss mich zu sehr √§rgern. Habe nicht den Eindruck, dass ORF ImZentrum o.√§. einseitig w√§re
1456862510670401536	NypeAUT	2021-11-06 05:54:24+00:00	Twitter for Android	1456861584328908800	1328736133	NypeAUT	0	@dschi_dschei @SusanneSCHAFFE2 @RoeTraining @AngelaS35160958 @Eaglepowder @a_schallenberg @WolfgangMueckst @kleinezeitung @MichelJungwirth Die Idee muss sein, die Menschen mit richtigen Fakten besser zu √ºberzeugen als er. @rendiwagner hat ihn einmal bei #imzentrum unwidersprochen Bl√∂dsinn reden lassen √ºber Infektion, Impfung usw. DAS halte ich f√ºr fatal. Die Chance nicht zu nutzen in live in TV mal so richtig
1456781973930848264	wolf_kamp	2021-11-06 00:34:22+00:00	Twitter for Android	None	None	None	0	RT @ORFImZentrum: "Klima sch√ºtzen, Leben retten - Wie radikal muss der Wandel sein?" Anl√§sslich der #cop26 diskutieren bei @reiterec #imze‚Ä¶
1456776845395992579	reiterec	2021-11-06 00:14:00+00:00	Twitter for iPhone	None	None	None	0	RT @ORFImZentrum: "Klima sch√ºtzen, Leben retten - Wie radikal muss der Wandel sein?" Anl√§sslich der #cop26 diskutieren bei @reiterec #imze‚Ä¶
1456743038873751558	Woodquarter4evr	2021-11-05 21:59:40+00:00	Twitter for Android	None	None	None	0	RT @Wiensfinest: @ElliKoestinger Ihre Meinungen und Aussagen bewegen sich auch schneller, als eine Fackel im Sturm. Den Wiener Weg kritisie‚Ä¶
1456717746440450053	Wiensfinest	2021-11-05 20:19:09+00:00	Twitter for iPhone	1456711898976722956	29963566	ElliKoestinger	1	@ElliKoestinger Ihre Meinungen und Aussagen bewegen sich auch schneller, als eine Fackel im Sturm. Den Wiener Weg kritisieren, die oberste Priorit√§t bei der Wintersaison und nicht bei den Menschen setzen, der Auftritt bei #ImZentrum Gl√ºcksstr√§hne haben Sie gerade keine, oder?
1456687713927811074	MattSchmelzer	2021-11-05 18:19:49+00:00	Twitter Web App	None	None	None	0	RT @ORFImZentrum: "Klima sch√ºtzen, Leben retten - Wie radikal muss der Wandel sein?" Anl√§sslich der #cop26 diskutieren bei @reiterec #imze‚Ä¶
1456642572881960963	ORFImZentrum	2021-11-05 15:20:27+00:00	Twitter for Android	None	None	None	3	"Klima sch√ºtzen, Leben retten - Wie radikal muss der Wandel sein?" Anl√§sslich der #cop26 diskutieren bei @reiterec #imzentrum u.a. @StefanKaineder und Klima-Aktivistin Lena Schilling || Sonntag 22:10 ORF2
1456632325995892741	Kei_Neoption	2021-11-05 14:39:44+00:00	Twitter Web App	None	None	None	0	AUGE Claudia Reiterer und Team von #imzentrum https://t.co/8j0QhgDwA2
1456630761453498375	subflower	2021-11-05 14:33:31+00:00	Twitter for Android	None	None	None	0	RT @kurtfleisch: #K√∂stinger bei der Sektenberatung - Elli, es ist vorbei. #Strolz #imzentrum https://t.co/GjCNAXfExB
1456555212865298437	nileshjaybhay10	2021-11-05 09:33:18+00:00	Twitter Web App	None	None	None	0	RT @nileshjaybhay10: #QuienEsLaMascaraColombia #QuienEsLaMascaracol #woonopstand #Rtekin #ThomasCup2020 #YouS3 #idolssa #imzentrum #ICCT20W‚Ä¶
1456531665988296720	CondeJana	2021-11-05 07:59:44+00:00	Twitter for Android	None	None	None	0	RT @joge_jonny: Eigentlich ein Wahnsinn, dass der ORF den Klenk zu dem Thema interviewt. Einseitiger geht nicht. #zib2 #imzentrum
1456509445291249673	Reneke88100556	2021-11-05 06:31:27+00:00	Twitter for Android	None	None	None	0	So wie Fr. F√ºrst das ImZentrum empfohlen hat. https://t.co/axHKOUDIZa
1456410058976333824	TraudePinter	2021-11-04 23:56:31+00:00	Twitter Web App	None	None	None	0	RT @Wiensfinest: @SchnablFranz Wenn Sie wei√ü, was gut f√ºr sie/ihre Karriere ist, dann h√ºllt sie sich die n√§chsten Wochen in goldenem Schwei‚Ä¶
1456309005798842379	Wiensfinest	2021-11-04 17:14:58+00:00	Twitter for iPhone	1456249527980134403	1341016368221745152	SchnablFranz	1	@SchnablFranz Wenn Sie wei√ü, was gut f√ºr sie/ihre Karriere ist, dann h√ºllt sie sich die n√§chsten Wochen in goldenem Schweigen. Wieviele Interviews a l√° #imzentrum vertr√§gt eine eh schon sehr wackelige Karriere?
1455757837536268294	babyboo62132046	2021-11-03 04:44:49+00:00	Twitter for iPhone	None	None	None	0	RT @da_steno: Der Moment in dem du merkst dass deine Nachfolger Trotteln sind #imzentrum https://t.co/PJhH1GaV98
1455650825062256652	MachonMoritz	2021-11-02 21:39:36+00:00	Twitter for iPhone	None	None	None	0	RT @MachonMoritz: Ich versteh ja Menschen die sich nicht #impfen lassen aber ich finde sie h√§tten dann auch kein Recht auf eine Behandlung‚Ä¶
1455649425846636554	MachonMoritz	2021-11-02 21:34:02+00:00	Twitter for iPhone	None	None	None	1	Ich versteh ja Menschen die sich nicht #impfen lassen aber ich finde sie h√§tten dann auch kein Recht auf eine Behandlung im Krankenhaus oder. Also falls sie sich infizieren #Geimpfte #Ungeimpfte #ImpfenSchuetzt #Eu #imzentrum
1455473246946668545	Reneke88100556	2021-11-02 09:53:58+00:00	Twitter for Android	1455468990847979520	963031213	yousitonmyspot	0	@yousitonmyspot M√ºckstein sagt Schulen und der Schutz der Kinder geh√∂ren ins Ressort des Herrn Fassmann. ImZentrum sagt der Sprecher des Bildungsministeriums: selbiges sei f√ºr Bildung verantwortlich, f√ºr den Gesundheitsschutz st√ºnde @WolfgangMueckst . Na was denn nun?
1455295134099247106	KatharinaKanns	2021-11-01 22:06:12+00:00	Twitter for Android	None	None	None	0	RT @Sarah_Tesar: jemand muss diesen Alt-JVP Narzissten beibringen, dass "nicht ins Gef√§ngnis m√ºssen" allein net reicht als soziale Anforder‚Ä¶
1455293108162334726	Pbern12	2021-11-01 21:58:09+00:00	Twitter for Android	None	None	None	0	RT @Sarah_Tesar: Ui die Eli droht gleich: keine Vorverurteilungen! Nur weil es auf Festplatten und Handys gefunden wird und gekaufte Ergebn‚Ä¶
1455293064021430277	Pbern12	2021-11-01 21:57:59+00:00	Twitter for Android	None	None	None	0	RT @Sarah_Tesar: jemand muss diesen Alt-JVP Narzissten beibringen, dass "nicht ins Gef√§ngnis m√ºssen" allein net reicht als soziale Anforder‚Ä¶
1455271371848785924	AndreasMoser007	2021-11-01 20:31:47+00:00	Twitter Web App	None	None	None	0	RT @DanielaHaarmann: @AndreasMoser007 Aber wir haben in √ñsterreich keine Marine mehr, also keinen Admiral und damit wirklich niemanden, der‚Ä¶
1455256768674684931	DanielaHaarmann	2021-11-01 19:33:45+00:00	Twitter Web App	1455251201214369799	1044445434	AndreasMoser007	1	@AndreasMoser007 Aber wir haben in √ñsterreich keine Marine mehr, also keinen Admiral und damit wirklich niemanden, der Leute anrufen k√∂nnte. (Wurde tats√§chlich k√ºrzlich irgendwo als Erkl√§rung gebracht. Ich glaub, bei #imZentrum). Demn√§chst kommt noch "Vertrag von Saint-Germain" an allem Schuld.
1455246414796177412	jurisdictio84	2021-11-01 18:52:37+00:00	Twitter for Android	None	None	None	0	RT @jurisdictio84: 1/ #ImZentrum. Zugriff, Eingriff, Angriff - ist die Unabh√§ngigkeit der Justiz in Gefahr? Maria Berger ehemalige Justizmi‚Ä¶
1455243339251527685	sinnsturm	2021-11-01 18:40:23+00:00	Twitter Web App	None	None	None	1	#Corona in #Deutschland: The Return of #Impfzentren? #imzentrum #Impfzentren√ñffnen #COVID19 #coronavirus #Impfungen https://t.co/gu3IKdC6Dg
1455186581774639107	Christa78906196	2021-11-01 14:54:51+00:00	Twitter Web App	None	None	None	0	RT @gerold_rie: Kurz ist kein Schatten-Kanzler, denn eine R√ºckkehr ins Kanzleramt ist unvorstellbar. Der Ex-Kanzler w√§hnt sich auf dem Kurz‚Ä¶
1455110930346479620	mayerbaer	2021-11-01 09:54:15+00:00	Twitter for Android	None	None	None	0	RT @Betrifft: @ThomasWalach @Peter_Pilz Warum gibt‚Äôs im @ORF kein #Imzentrum √ºber das Pilz-Buch? Zu politisch hei√ü das Thema oder oder regi‚Ä¶
1454982100285808648	ruslandzhebr	2021-11-01 01:22:19+00:00	Twitter Web App	None	None	None	0	RT @michdanninger: @ShouraHashemi Ja, er - wenn alles zutrifft - bekommt zwar eine k√ºrzere Haftstrafe, aber danach rechnet ‚Äûdie Familie‚Äú mi‚Ä¶
1454962786304462848	CarinaZucchera	2021-11-01 00:05:34+00:00	Twitter Web App	None	None	None	0	RT @Betrifft: @ThomasWalach @Peter_Pilz Warum gibt‚Äôs im @ORF kein #Imzentrum √ºber das Pilz-Buch? Zu politisch hei√ü das Thema oder oder regi‚Ä¶
