1487875274796642306	multiplikatha	2022-01-30 19:48:03+00:00	Twitter for iPhone	None	None	None	0	RT @CaritasAustria: GeneralsekretÃ¤rin @AnnaParrCaritas ist heute zu Gast #imzentrum. Steigende Miet-, Lebensmittel- &amp; Energiepreise erhÃ¶henâ€¦
1487874753255903233	CaritasAustria	2022-01-30 19:45:59+00:00	Twitter Web App	None	None	None	1	GeneralsekretÃ¤rin @AnnaParrCaritas ist heute zu Gast #imzentrum. Steigende Miet-, Lebensmittel- &amp; Energiepreise erhÃ¶hen den Druck vor allem auf Niedrigverdiener*innen. Welche Erfahrungen machen wir in unseren Sozialberatungsstellen &amp; welche MaÃŸnahmen braucht es nun? ğŸ“º22:20 ORF2 https://t.co/cb7JBDWQxe
1487874210399674380	LizzysNewsDude	2022-01-30 19:43:49+00:00	Twitter for Android	None	None	None	0	RT @ChrisHofmann16: Noch 2 Fragen zu #Sideletter. 1. Kommt @WKogler heute zu #imzentrum oder kneift er? 2. Wann wird der gesamte Text vâ€¦
1487872964565606401	obichan	2022-01-30 19:38:52+00:00	Twitter for Android	None	None	None	0	RT @missrotzfrech: #imzentrum Warum lÃ¤dt man eigentlich Ex Politiker*innen zum Thema Covid ein? Ich befrage ja auch keine frÃ¼heren Baumâ€¦
1487871614213570563	der_gutinger	2022-01-30 19:33:30+00:00	Twitter for iPhone	None	None	None	0	RT @der_gutinger: @rudifussi Wenn der @WKogler heute bei #imzentrum auch nur 1x das Wort â€WÃ¤hlerauftragâ€œ in den Mund nimmt, drehts mir alsâ€¦
1487871177636954113	der_gutinger	2022-01-30 19:31:46+00:00	Twitter for iPhone	1487867795174039559	347111716	rudifussi	1	@rudifussi Wenn der @WKogler heute bei #imzentrum auch nur 1x das Wort â€WÃ¤hlerauftragâ€œ in den Mund nimmt, drehts mir als damaliges - ehemaliges - Stimmvieh glaub ich meinen Magen um. #Sideletter
1487869352674213891	coronareise_at	2022-01-30 19:24:31+00:00	Twitter Web App	1487794197402992646	1051781123192311810	Ayranmagman	0	@Ayranmagman @MartinThuer @WKogler Mein Problem mit Claudia #Reiterer als Moderatorin von #imzentrum ist eher, dass ich seit Jahren sie als Fehlbesetzung an der Stelle halte.
1487861246766497795	oekopatriot	2022-01-30 18:52:19+00:00	Twitter Web App	None	None	None	0	RT @ChrisHofmann16: Noch 2 Fragen zu #Sideletter. 1. Kommt @WKogler heute zu #imzentrum oder kneift er? 2. Wann wird der gesamte Text vâ€¦
1487860899146784769	schinscha	2022-01-30 18:50:56+00:00	Twitter Web App	None	None	None	0	Hat Werner Kogler schon abgesagt? #imzentrum
1487860678585200645	ChrisHofmann16	2022-01-30 18:50:03+00:00	Twitter for Android	None	None	None	2	Noch 2 Fragen zu #Sideletter. 1. Kommt @WKogler heute zu #imzentrum oder kneift er? 2. Wann wird der gesamte Text verÃ¶ffentlicht? BÃ¼rgerInnen haben Anspruch darauf und zwar sofort! #Gruene #imzentrum #oevp #OevpUA
1487857230460424192	bernd_pekari	2022-01-30 18:36:21+00:00	Twitter for iPad	None	None	None	0	RT @diegruenen: ğŸ“º Tipp - Vizekanzler @WKogler ist heute um 22:23 Uhr zu Gast bei #ImZentrum : â€Heizen, tanken, Wohnen - Wie teuer wird es nâ€¦
1487857121479864325	TheTheGrinch7	2022-01-30 18:35:55+00:00	Twitter Web App	None	None	None	0	RT @MikeAlpha66: Der @ORF zeigt seinen ZwangsgebÃ¼hrenzahlern wieder mal den #Mittelfinger. Trotz Kritik an den Zahlungen der AK an das #Mâ€¦
1487856353213308928	lemi_59	2022-01-30 18:32:52+00:00	Twitter for iPhone	None	None	None	0	RT @MikeAlpha66: Der @ORF zeigt seinen ZwangsgebÃ¼hrenzahlern wieder mal den #Mittelfinger. Trotz Kritik an den Zahlungen der AK an das #Mâ€¦
1487856341234425860	kenwinkler	2022-01-30 18:32:49+00:00	Twitter for Android	1487854961480372224	3662349255	booyabasic	0	@booyabasic Gut fÃ¼r die Demokratie! Siehe Graz. Feed Back zu diesem NiederÃ¶sterreich Ergebnis am Vorabend der Landtags Wahlen wÃ¤re fÃ¼r unsere ZuhÃ¶rer im heutige Space sicher interessant. Du bist herzlich eingeladen nach #imzentrum https://t.co/TMsGnoNyeC
1487851964117438464	rene_accentaigu	2022-01-30 18:15:25+00:00	Twitter Web App	1487851414537838594	93698582	zwirnsi	0	@zwirnsi @WKogler @sigi_maurer Das werden wir hoffentlich heute bei #imzentrum hÃ¶ren. Bin schon gespannt wie man sich da rauswinden kann
1487851833120993280	peter_kopf	2022-01-30 18:14:54+00:00	Twitter for iPhone	None	None	None	0	RT @MikeAlpha66: Der @ORF zeigt seinen ZwangsgebÃ¼hrenzahlern wieder mal den #Mittelfinger. Trotz Kritik an den Zahlungen der AK an das #Mâ€¦
1487845760251179014	b_gabelle	2022-01-30 17:50:46+00:00	Twitter Web App	None	None	None	0	RT @MikeAlpha66: Der @ORF zeigt seinen ZwangsgebÃ¼hrenzahlern wieder mal den #Mittelfinger. Trotz Kritik an den Zahlungen der AK an das #Mâ€¦
1487845293617995776	IreneW1812	2022-01-30 17:48:55+00:00	Twitter for iPhone	None	None	None	0	RT @MikeAlpha66: Der @ORF zeigt seinen ZwangsgebÃ¼hrenzahlern wieder mal den #Mittelfinger. Trotz Kritik an den Zahlungen der AK an das #Mâ€¦
1487844135100895233	52herbie	2022-01-30 17:44:19+00:00	Twitter Web App	None	None	None	0	RT @MikeAlpha66: Der @ORF zeigt seinen ZwangsgebÃ¼hrenzahlern wieder mal den #Mittelfinger. Trotz Kritik an den Zahlungen der AK an das #Mâ€¦
1487840103154307073	SimonTschannett	2022-01-30 17:28:17+00:00	Twitter for iPhone	None	None	None	0	RT @chri_gru: @SimonTschannett @ORFImZentrum Jede Diskussion von #imzentrum kratzt nur an der OberflÃ¤che. Anders geht das mMn gar nicht, beâ€¦
1487829931711213580	kleinowitz	2022-01-30 16:47:52+00:00	Twitter for iPad	None	None	None	0	RT @rudifussi: Werner Kogler ist heute zu Gast bei #imzentrum Glasklare Aussagen, die wo, wir schon immer, das sieht man unserer Geschichâ€¦
1487829520535244802	heikelehner	2022-01-30 16:46:14+00:00	Twitter Web App	None	None	None	0	RT @ORFImZentrum: â€Heizen, Tanken, Wohnen â€“ Wie teuer wird es noch?â€œ Dazu diskutieren am Sonntag #imzentrum bei @reiterec: @WKogler, Robeâ€¦
1487829345825665026	SDinhof	2022-01-30 16:45:33+00:00	Twitter Web App	None	None	None	0	RT @rudifussi: Werner Kogler ist heute zu Gast bei #imzentrum Glasklare Aussagen, die wo, wir schon immer, das sieht man unserer Geschichâ€¦
1487827511291650049	StefanAuer11	2022-01-30 16:38:15+00:00	Twitter for Android	None	None	None	0	RT @ORFImZentrum: â€Heizen, Tanken, Wohnen â€“ Wie teuer wird es noch?â€œ Dazu diskutieren am Sonntag #imzentrum bei @reiterec: @WKogler, Robeâ€¦
1487827287382892550	Baluistrue	2022-01-30 16:37:22+00:00	Twitter for Android	None	None	None	0	RT @ORFImZentrum: â€Heizen, Tanken, Wohnen â€“ Wie teuer wird es noch?â€œ Dazu diskutieren am Sonntag #imzentrum bei @reiterec: @WKogler, Robeâ€¦
1487826967592321027	ORFImZentrum	2022-01-30 16:36:06+00:00	Twitter for iPhone	None	None	None	0	RT @ORFImZentrum: â€Heizen, Tanken, Wohnen â€“ Wie teuer wird es noch?â€œ Dazu diskutieren am Sonntag #imzentrum bei @reiterec: @WKogler, Robeâ€¦
1487824911309680650	mksgraz	2022-01-30 16:27:55+00:00	TweetDeck	None	None	None	0	RT @MikeAlpha66: Der @ORF zeigt seinen ZwangsgebÃ¼hrenzahlern wieder mal den #Mittelfinger. Trotz Kritik an den Zahlungen der AK an das #Mâ€¦
1487821774922338304	boersenbriefat	2022-01-30 16:15:28+00:00	Twitter Web App	None	None	None	0	FÃ¼r unseren Ã¶sterreichischen Follower ğŸ‘‡ #imzentrum https://t.co/pvUYAWmylG
1487821547008147460	chri_gru	2022-01-30 16:14:33+00:00	Twitter for Android	1487809375112765443	1718189328	SimonTschannett	1	@SimonTschannett @ORFImZentrum Jede Diskussion von #imzentrum kratzt nur an der OberflÃ¤che. Anders geht das mMn gar nicht, bei einer Stunde und so vielen Diskutant*innen. Braucht zusÃ¤tzlich sicher auch viele andere Formate im ganzen Spektrum der Themen und Zielgruppen.
1487821091452162052	ElmarLeimgruber	2022-01-30 16:12:45+00:00	Twitter for iPhone	None	None	None	0	RT @ORFImZentrum: â€Heizen, Tanken, Wohnen â€“ Wie teuer wird es noch?â€œ Dazu diskutieren am Sonntag #imzentrum bei @reiterec: @WKogler, Robeâ€¦
1487820452311535621	MikeAlpha66	2022-01-30 16:10:12+00:00	Twitter for iPad	None	None	None	9	Der @ORF zeigt seinen ZwangsgebÃ¼hrenzahlern wieder mal den #Mittelfinger. Trotz Kritik an den Zahlungen der AK an das #MomentumInstitut bekommt @barbarablaha einen Auftritt bei #imzentrum. Wann wird die ZwangsfÃ¶rderungen fÃ¼r die Restlinken endlich abgeschafft?
1487818849005314054	KarlMladek	2022-01-30 16:03:50+00:00	Twitter Web App	None	None	None	0	RT @rudifussi: Werner Kogler ist heute zu Gast bei #imzentrum Glasklare Aussagen, die wo, wir schon immer, das sieht man unserer Geschichâ€¦
1487818410570530819	24103010R	2022-01-30 16:02:06+00:00	Twitter for iPhone	None	None	None	0	RT @rudifussi: Werner Kogler ist heute zu Gast bei #imzentrum Glasklare Aussagen, die wo, wir schon immer, das sieht man unserer Geschichâ€¦
1487816711948705792	HeinFli	2022-01-30 15:55:21+00:00	Twitter for Android	None	None	None	0	RT @diegruenen: ğŸ“º Tipp - Vizekanzler @WKogler ist heute um 22:23 Uhr zu Gast bei #ImZentrum : â€Heizen, tanken, Wohnen - Wie teuer wird es nâ€¦
1487812436593893376	ssprms	2022-01-30 15:38:21+00:00	Twitter Web App	None	None	None	0	RT @rudifussi: Werner Kogler ist heute zu Gast bei #imzentrum Glasklare Aussagen, die wo, wir schon immer, das sieht man unserer Geschichâ€¦
1487811800171261953	jakohand	2022-01-30 15:35:50+00:00	TweetDeck	1487811400479166472	347111716	rudifussi	0	@rudifussi Da kann doch was nicht stimmen. Niemand was gewusst? Bin gespannt was Kogler heute #imzentrum dazu sagt ... Das kann es ja nicht sein...
1487810946559102980	Die_Alexs	2022-01-30 15:32:26+00:00	Twitter Web App	None	None	None	0	RT @kenwinkler: @andrea95115861 @Die_Alexs Passende AnkÃ¼ndigung zur Diskussion: Zum Heiligen Status und LernfÃ¤higkeit von KÃ¼hen findet heâ€¦
1487807872255905796	kenwinkler	2022-01-30 15:20:13+00:00	Twitter for Android	1487798939634085907	960829006714212352	andrea95115861	1	@andrea95115861 @Die_Alexs Passende AnkÃ¼ndigung zur Diskussion: Zum Heiligen Status und LernfÃ¤higkeit von KÃ¼hen findet heute nach #imzentrum ein #space statt. DJesus ist dabei. EinschlÃ¤gige Account erhalten Gelegenheit zur Beichte. https://t.co/TMsGnoNyeC
1487805644648419329	kenwinkler	2022-01-30 15:11:22+00:00	Twitter for Android	1487793869819461637	20694291	ArminWolf	0	@ArminWolf Das Archiv is'a Hund, ..und fÃ¼r Alle, die heute nach #imzentrum noch eine Kuh gepflegt durchs politische Dorf treiben mÃ¶chten, oder auch mehr: #space time mit #ZeitfuerNeues und dem beliebtesten Schwarzen Schaf auf Twitter @DjesusUncr0ssed https://t.co/TMsGnoNyeC
1487802187266899973	manfred_gonzo	2022-01-30 14:57:38+00:00	Twitter for Android	1487794678124752905	1323957551952744449	zoller_marco	0	@zoller_marco @thomas_wachtler Ganz bestimmt. Mit ausfÃ¼hrlichen Hintergrund-Recherchen. Und danach wird #imZentrum sicher ausgewogen und kritisch darÃ¼ber diskutieren... ğŸ˜‚
1487796032398319623	Paedar_1958	2022-01-30 14:33:10+00:00	Twitter Web App	None	None	None	0	RT @rudifussi: Werner Kogler ist heute zu Gast bei #imzentrum Glasklare Aussagen, die wo, wir schon immer, das sieht man unserer Geschichâ€¦
1487794197402992646	Ayranmagman	2022-01-30 14:25:53+00:00	Twitter for Android	None	22470711	MartinThuer	0	@MartinThuer @WKogler ist heute #imzentrum . Moderiert wird die Sendung von Claudia Reiterer der ehemaligen LebensgefÃ¤hritin von Lothar Lockl (seinerseits GrÃ¼ner Stiftungsrat) WÃ¤re es nicht vernÃ¼nftiger, dass Kogler in die #zib2 kommt?
1487794056738615299	flightdeck1140	2022-01-30 14:25:19+00:00	Twitter for Android	None	None	None	0	RT @rudifussi: Werner Kogler ist heute zu Gast bei #imzentrum Glasklare Aussagen, die wo, wir schon immer, das sieht man unserer Geschichâ€¦
1487793831458353162	rudifussi	2022-01-30 14:24:25+00:00	Twitter Web App	None	None	None	12	Werner Kogler ist heute zu Gast bei #imzentrum Glasklare Aussagen, die wo, wir schon immer, das sieht man unserer Geschichte, und bittschÃ¶n, schau ma uns das einmal an, werden sie von mir, das wird sie jetzt nicht Ã¼berraschen, wieder einmal nicht.
1487792341175963648	KnutOgris	2022-01-30 14:18:30+00:00	Twitter for Android	None	None	None	0	RT @MaxlWerner: Vizekanzler Kogler ist heute Abend #ImZentrum und das #ZiB2-Studio wÃ¤r davon ja gar nicht so weit entfernt.
1487792300843487239	Gisi19788653	2022-01-30 14:18:21+00:00	Twitter Web App	None	None	None	0	RT @GabrieleHagmlle: Ist Hr. Situationselastisch (Kogler) heute wirklich bei #ImZentrum??
1487789820202078208	GeorgBrantegger	2022-01-30 14:08:29+00:00	Twitter for Android	None	None	None	0	RT @diegruenen: ğŸ“º Tipp - Vizekanzler @WKogler ist heute um 22:23 Uhr zu Gast bei #ImZentrum : â€Heizen, tanken, Wohnen - Wie teuer wird es nâ€¦
1487789037142388741	GabrieleHagmlle	2022-01-30 14:05:22+00:00	Twitter for Android	None	None	None	1	Ist Hr. Situationselastisch (Kogler) heute wirklich bei #ImZentrum??
1487784372715544582	heinz	2022-01-30 13:46:50+00:00	Twitter for Android	None	None	None	0	RT @diegruenen: ğŸ“º Tipp - Vizekanzler @WKogler ist heute um 22:23 Uhr zu Gast bei #ImZentrum : â€Heizen, tanken, Wohnen - Wie teuer wird es nâ€¦
1487775163332665347	Claudio70609322	2022-01-30 13:10:15+00:00	Twitter for Android	None	None	None	0	RT @diegruenen: ğŸ“º Tipp - Vizekanzler @WKogler ist heute um 22:23 Uhr zu Gast bei #ImZentrum : â€Heizen, tanken, Wohnen - Wie teuer wird es nâ€¦
1487772282118356994	ErnstWegerer	2022-01-30 12:58:48+00:00	Twitter Web App	None	None	None	0	RT @ORFImZentrum: â€Heizen, Tanken, Wohnen â€“ Wie teuer wird es noch?â€œ Dazu diskutieren am Sonntag #imzentrum bei @reiterec: @WKogler, Robeâ€¦
1487771185819668484	PadlewskiR	2022-01-30 12:54:26+00:00	Twitter Web App	None	None	None	0	RT @diegruenen: ğŸ“º Tipp - Vizekanzler @WKogler ist heute um 22:23 Uhr zu Gast bei #ImZentrum : â€Heizen, tanken, Wohnen - Wie teuer wird es nâ€¦
1487770441586548737	ErnstWegerer	2022-01-30 12:51:29+00:00	Twitter Web App	None	None	None	0	RT @MaxlWerner: Vizekanzler Kogler ist heute Abend #ImZentrum und das #ZiB2-Studio wÃ¤r davon ja gar nicht so weit entfernt.
1487770405578457089	ClaireGB5	2022-01-30 12:51:20+00:00	Twitter for iPhone	None	None	None	0	RT @ORFImZentrum: â€Heizen, Tanken, Wohnen â€“ Wie teuer wird es noch?â€œ Dazu diskutieren am Sonntag #imzentrum bei @reiterec: @WKogler, Robeâ€¦
1487770158332583936	zuschoen	2022-01-30 12:50:21+00:00	Twitter for iPhone	None	None	None	0	themenwechsel: heute gehtâ€™s #imzentrum ausschlieÃŸlich um den tÃ¼rkis-grÃ¼nen #sideletter! https://t.co/8HaxiFppib
1487769469531402241	PadlewskiR	2022-01-30 12:47:37+00:00	Twitter Web App	None	None	None	0	RT @MaxlWerner: Vizekanzler Kogler ist heute Abend #ImZentrum und das #ZiB2-Studio wÃ¤r davon ja gar nicht so weit entfernt.
1487768938498990081	MaxlWerner	2022-01-30 12:45:31+00:00	Twitter Web App	None	None	None	3	Vizekanzler Kogler ist heute Abend #ImZentrum und das #ZiB2-Studio wÃ¤r davon ja gar nicht so weit entfernt.
1487766427792781313	WKogler	2022-01-30 12:35:32+00:00	Twitter for iPhone	None	None	None	0	RT @diegruenen: ğŸ“º Tipp - Vizekanzler @WKogler ist heute um 22:23 Uhr zu Gast bei #ImZentrum : â€Heizen, tanken, Wohnen - Wie teuer wird es nâ€¦
1487763819178999811	GrueneSt	2022-01-30 12:25:10+00:00	Twitter for iPad	None	None	None	0	RT @diegruenen: ğŸ“º Tipp - Vizekanzler @WKogler ist heute um 22:23 Uhr zu Gast bei #ImZentrum : â€Heizen, tanken, Wohnen - Wie teuer wird es nâ€¦
1487759885060218882	wolf_kamp	2022-01-30 12:09:32+00:00	Twitter for Android	None	None	None	0	RT @diegruenen: ğŸ“º Tipp - Vizekanzler @WKogler ist heute um 22:23 Uhr zu Gast bei #ImZentrum : â€Heizen, tanken, Wohnen - Wie teuer wird es nâ€¦
1487753048910876673	MariaEv99999	2022-01-30 11:42:22+00:00	Twitter Web App	None	None	None	0	RT @diegruenen: ğŸ“º Tipp - Vizekanzler @WKogler ist heute um 22:23 Uhr zu Gast bei #ImZentrum : â€Heizen, tanken, Wohnen - Wie teuer wird es nâ€¦
1487750060695822336	diegruenen	2022-01-30 11:30:30+00:00	Twitter for iPhone	None	None	None	11	ğŸ“º Tipp - Vizekanzler @WKogler ist heute um 22:23 Uhr zu Gast bei #ImZentrum : â€Heizen, tanken, Wohnen - Wie teuer wird es noch?â€œ https://t.co/ZsrjAgJN8c
1487748367568584712	stromberger1	2022-01-30 11:23:46+00:00	Twitter for iPhone	None	None	None	0	Heute #imzentrum caritas GeneralsekretÃ¤rin @AnnaParrCaritas zu den stark gestiegenen Energiepreisen. Welche strukturellen Reformschritte mÃ¼ssten wir setzen? Heute einschalten! ğŸ“º https://t.co/e1RkhnJKMP
1487744493889728515	kenwinkler	2022-01-30 11:08:22+00:00	Twitter for Android	None	None	None	0	Je geringer #Impfquote, desto leichter kÃ¶nnen Mutationen auftreten. #karas sagt zur #impfung mit Satz mehr, als Regierung per Gesetz. Wir #spacen heute nach #imzentrum aber auch Ã¼berparteiliche Initiativen wie zB #Korruption Volksbegehren. Sei dabei! https://t.co/TMsGnoNyeC
1487600367735029765	guel_hasan	2022-01-30 01:35:40+00:00	Twitter Web App	None	None	None	0	#Vatikan #Nazis #Reichskonkordat #Verfassungsschutz #gestapo #Dualismus #Westen #Sozialist #JournalismIsNotACrime #SPD #ImZentrum #Putinversteher #Islam #Himmler #Judenhasser #DerIslamgehoertnichtzuDeutschland #Appeasement #mannheim #ludwigshafen #heidelberg #Rassismus https://t.co/ymu965Tuhm
1487571335777865732	NowZeitspur	2022-01-29 23:40:18+00:00	Twitter Web App	None	None	None	0	RT @kenwinkler: Einmal was anderes, als Corona #imzentrum heute https://t.co/npoAbQhA0I
1487571150796468229	kenwinkler	2022-01-29 23:39:34+00:00	Twitter for Android	None	None	None	1	Einmal was anderes, als Corona #imzentrum heute https://t.co/npoAbQhA0I
1487557541429141508	kenwinkler	2022-01-29 22:45:30+00:00	Twitter for Android	1487553266967891973	1431538817861890048	DjesusUncr0ssed	0	@DjesusUncr0ssed Vorschlag morgen nach #imzentrum treiben wir gemeinsam die politischen KÃ¼he durchs Dorf, heilige werden sofort geschlachtet.
1487367145088552963	Max62153089	2022-01-29 10:08:55+00:00	Twitter for iPhone	None	None	None	0	RT @alissa_claudia: Morgen kann man doch tatsÃ¤chlich wieder mal #imzentrum schauen: @FranzSchellhorn diskutiert zur Inflation
1487363067893665795	FrauStern1	2022-01-29 09:52:43+00:00	Twitter for iPhone	None	None	None	0	RT @alissa_claudia: Morgen kann man doch tatsÃ¤chlich wieder mal #imzentrum schauen: @FranzSchellhorn diskutiert zur Inflation
1487362927883653125	PointnerKarl	2022-01-29 09:52:10+00:00	Twitter Web App	None	None	None	0	RT @ORFImZentrum: â€Heizen, Tanken, Wohnen â€“ Wie teuer wird es noch?â€œ Dazu diskutieren am Sonntag #imzentrum bei @reiterec: @WKogler, Robeâ€¦
1487361809975812101	alissa_claudia	2022-01-29 09:47:44+00:00	Twitter for iPhone	None	None	None	2	Morgen kann man doch tatsÃ¤chlich wieder mal #imzentrum schauen: @FranzSchellhorn diskutiert zur Inflation
1487357915212271617	Gnter16551911	2022-01-29 09:32:15+00:00	Twitter for Android	None	None	None	0	RT @ORFImZentrum: â€Heizen, Tanken, Wohnen â€“ Wie teuer wird es noch?â€œ Dazu diskutieren am Sonntag #imzentrum bei @reiterec: @WKogler, Robeâ€¦
1487337903474757632	feletmel	2022-01-29 08:12:44+00:00	Twitter for Android	None	None	None	0	RT @ORFImZentrum: â€Heizen, Tanken, Wohnen â€“ Wie teuer wird es noch?â€œ Dazu diskutieren am Sonntag #imzentrum bei @reiterec: @WKogler, Robeâ€¦
1487337770720931846	barbarablaha	2022-01-29 08:12:12+00:00	Twitter Web App	None	None	None	0	RT @ORFImZentrum: â€Heizen, Tanken, Wohnen â€“ Wie teuer wird es noch?â€œ Dazu diskutieren am Sonntag #imzentrum bei @reiterec: @WKogler, Robeâ€¦
1487220829389737984	rhabarbeer	2022-01-29 00:27:31+00:00	Twitter Web App	None	None	None	0	RT @ehrlichetweets: Lieber #ORF #imzentrum: wenn es nur darum ginge, Gesicht zu verlieren, wÃ¤ren lÃ¤ngst alle #genimpft. Ihr kÃ¶nntet mal dieâ€¦
1487129407655456771	reiterec	2022-01-28 18:24:14+00:00	Twitter for iPhone	None	None	None	0	RT @ORFImZentrum: â€Heizen, Tanken, Wohnen â€“ Wie teuer wird es noch?â€œ Dazu diskutieren am Sonntag #imzentrum bei @reiterec: @WKogler, Robeâ€¦
1487113693070598157	MattSchmelzer	2022-01-28 17:21:48+00:00	Twitter for Android	None	None	None	0	RT @ORFImZentrum: â€Heizen, Tanken, Wohnen â€“ Wie teuer wird es noch?â€œ Dazu diskutieren am Sonntag #imzentrum bei @reiterec: @WKogler, Robeâ€¦
1487113425129984003	ORFImZentrum	2022-01-28 17:20:44+00:00	Twitter for iPhone	None	None	None	13	â€Heizen, Tanken, Wohnen â€“ Wie teuer wird es noch?â€œ Dazu diskutieren am Sonntag #imzentrum bei @reiterec: @WKogler, Robert Holzmann (@oenb), @AnnaParrCaritas, @FranzSchellhorn und @barbarablaha. || Sonntag 22:20 ORF2
1487100273956958208	Ichwillnicht3	2022-01-28 16:28:28+00:00	Twitter for iPhone	None	None	None	0	RT @AnichPeter: Biden nennt Putin ungestraft MÃ¶rder. Die EU verhÃ¤ngt Sanktionen Ã¼ber Russland, obwohl man von dessen Ã–l- und Gaslieferungenâ€¦
1487077261824122882	michdanninger	2022-01-28 14:57:02+00:00	Twitter for iPhone	None	None	None	0	RT @ThomasAndBeck: HÃ¤ttest du weiterhin geschwiegen, wÃ¤rst du ein Philosoph geblieben. #lissmann #imzentrum
1487076367497928707	barth_roland1	2022-01-28 14:53:29+00:00	Twitter Web App	1487073819487621122	474156662	gerhard_mangott	0	@gerhard_mangott Sie waren ja (wenn auch sehr vorsichtig) zuletzt im â€œimZentrumâ€ eher dÃ¼ster in der EinschÃ¤tzung. Glauben Sie, auch weil es quasi eigentlich schon hÃ¤tte passieren kÃ¶nnen, etwas an sinkende Wahrscheinlichkeit einer Aggression?
1487026884303073284	ThomasBeinhard	2022-01-28 11:36:51+00:00	Twitter Web App	1486822435018231817	219991963	Claus_Pandi	0	@Claus_Pandi @LandauDaniel Stimmt. Bei #Imzentrum im heiligen #ORF hÃ¤tte er sicher nicht seine ganze Untergriffigkeit ausspielen mÃ¼ssen.
1486958539499356160	ludoph	2022-01-28 07:05:16+00:00	Twitter Web App	None	None	None	0	RT @FollowTheSapper: Rote Kerzen, rote Krawatte. Was ist los mit den TÃ¼rkisen? #OEVPkrise #imzentrum https://t.co/Gtyys4ZSIu
1486801540404944896	tricksler86	2022-01-27 20:41:25+00:00	Twitter for Android	None	None	None	0	#TalkImHangar7 Schaut euch diese Diskussion heute an, ist hundert mal besser als #ImZentrum.
1486646136152727558	hofrat	2022-01-27 10:23:54+00:00	Twitter Web App	1486646133917110277	77841866	hofrat	0	Der theoretisch beste Kanzler aller Zeiten #imzentrum letzten Sonntag als Ober-Putin-Versteher mit doppelter Zunge &amp; Putinbrille: Â«[Kern] â€¦man mÃ¶ge bitte Empathie aufbringen, um â€es wie die andere Seite zu sehen." Die Dinge wie Putin sehen? Wirklich?Â» --&gt; https://t.co/4wPTs5SFjg
1486637009623998466	cweissenbaeck	2022-01-27 09:47:38+00:00	Twitter Web App	1486624392968818692	756446326179635200	marcopogo666	0	@marcopogo666 @HannoSettele Super Gschicht! Das ist ein Format, das gut informiert und nicht nervt (wie die zahlreichen Diskussionen wie zB #imzentrum)
1486634841521242114	Clemanns1984	2022-01-27 09:39:01+00:00	Twitter Web App	None	None	None	0	Wenn man sich Ã¼ber die Ã¶sterreichische Politik informieren mÃ¶chte, schaut man da besser #imzentrum oder #universum? #Beinschab
1486348352425967618	UnitAPI	2022-01-26 14:40:36+00:00	Twitter Web App	None	None	None	0	RT @naapi: Petrovic spricht so wie sie ausschaut. Verstanden hat sie nichts. #Schwurblerin #Impfpflicht #imzentrum
1486348073999769601	wernerkeil	2022-01-26 14:39:30+00:00	Twitter Web App	None	None	None	0	RT @naapi: Petrovic spricht so wie sie ausschaut. Verstanden hat sie nichts. #Schwurblerin #Impfpflicht #imzentrum
1486100990986268673	rotekatzentatze	2022-01-25 22:17:41+00:00	Twitter Web App	None	None	None	0	RT @da_steno: Der Moment in dem du merkst dass deine Nachfolger Trotteln sind #imzentrum https://t.co/PJhH1GaV98
1486076636382609417	wphj1	2022-01-25 20:40:54+00:00	Twitter for Android	None	None	None	0	Bitte, was fÃ¼r ein fucking Unsympathler ist eigentlich dieser Joffe? #imzentrum
1486057928964640772	StefanZweig_EU	2022-01-25 19:26:34+00:00	Twitter Web App	1486003468963827721	547173846	TomMayerEuropa	0	@TomMayerEuropa Verwunderlich welch Sovietnostalgie in der Sozialdem. noch herrscht (s. @KernChri in ImZentrum). LÃ¤nder/Menschen wie ğŸ‡ºğŸ‡¦ werden wie GÃ¼ter behandelt um imperiale "Rechten" zu genÃ¼gen. 19. Jhdt, oder was? Viell. sollte man mal fragen warum OstğŸ‡ªğŸ‡º aus den FÃ¤ngen ğŸ‡·ğŸ‡º geradezu flieht.
1486028221032419332	gosquad22	2022-01-25 17:28:31+00:00	AmplifyMarketing	None	None	None	0	RT @HamiltonPR5: Best Marketing Strategy for your Business. #marketing #business #strategy #socialmediamarketing #digitalmarketing #hamiltoâ€¦
1486028189487054849	TammyDevoll	2022-01-25 17:28:24+00:00	Twitter Web App	None	None	None	0	RT @HamiltonPR5: Best Marketing Strategy for your Business. #marketing #business #strategy #socialmediamarketing #digitalmarketing #hamiltoâ€¦
1485945974522585090	RR120_80	2022-01-25 12:01:42+00:00	Twitter Web App	None	None	None	0	nÃ¤chtens #imzentrum mit @KernChri nachgesehen. dieser weitblick, was fÃ¼r ein verlust fÃ¼r Ã¶sterreich!
1485940270013288452	FindLov78276100	2022-01-25 11:39:02+00:00	Twitter Web App	None	None	None	0	RT @HamiltonPR5: Best Marketing Strategy for your Business. #marketing #business #strategy #socialmediamarketing #digitalmarketing #hamiltoâ€¦
1485905481797414917	mel_chiara74	2022-01-25 09:20:48+00:00	Twitter for iPhone	None	None	None	0	RT @ORFImZentrum: ğŸ’¬â€Es kann kein Europa gegen Russland geben, weil Russland ist Teil Europasâ€œ @KernChri (SPÃ–) plÃ¤diert fÃ¼r Empathie, â€es wâ€¦
1485903749835067394	BLS_Schmid_G	2022-01-25 09:13:55+00:00	Twitter Web App	None	None	None	0	RT @JonathanDorner: Immer merkwÃ¼rdig wenn #Mangott Ã¼ber autoritÃ¤re Systeme spricht, wo er doch selbst eines deckt und Kritiker*innen und Unâ€¦
1485897252975562754	BLS_Schmid_G	2022-01-25 08:48:06+00:00	Twitter Web App	None	None	None	0	RT @ORFImZentrum: ğŸ’¬â€Es kann kein Europa gegen Russland geben, weil Russland ist Teil Europasâ€œ @KernChri (SPÃ–) plÃ¤diert fÃ¼r Empathie, â€es wâ€¦
1485897037547769860	hwindisch1	2022-01-25 08:47:15+00:00	Twitter Web App	None	None	None	0	RT @ORFImZentrum: ğŸ’¬â€Es kann kein Europa gegen Russland geben, weil Russland ist Teil Europasâ€œ @KernChri (SPÃ–) plÃ¤diert fÃ¼r Empathie, â€es wâ€¦
1485896582516068357	WernerJugl	2022-01-25 08:45:26+00:00	Twitter for Android	None	None	None	0	RT @AcadTravel1: #imzentrum Beeindruckt von der Genese des Christian Kern vom ursprÃ¼nglich einfachen, in diverse Positionen hineingehievtenâ€¦
1485885756933611524	art18bvg	2022-01-25 08:02:25+00:00	Twitter for Android	1485884848485154817	22533918	art18bvg	0	@lou_lorenz @IngridThurnher Das fÃ¼hrt zu anderen Formaten u zu einer ganz eigenen AtmosphÃ¤re, merkt man v a im News Format am Vormittag. Sehe das inzwischen lieber als die ZIBs, abgesehen von der #zib2 Die ist einfach ein ganz eigenes Format. Aber z.B. Politik live hat #imzentrum schon lÃ¤ngst Ã¼berholt 2/n
1485881485416706048	fensterschublad	2022-01-25 07:45:27+00:00	Twitter for Android	None	None	None	0	RT @ORFImZentrum: ğŸ’¬â€Es kann kein Europa gegen Russland geben, weil Russland ist Teil Europasâ€œ @KernChri (SPÃ–) plÃ¤diert fÃ¼r Empathie, â€es wâ€¦
1485876905140264963	cestlaviv	2022-01-25 07:27:15+00:00	Twitter for Android	None	None	None	0	RT @ORFImZentrum: ğŸ’¬â€Es kann kein Europa gegen Russland geben, weil Russland ist Teil Europasâ€œ @KernChri (SPÃ–) plÃ¤diert fÃ¼r Empathie, â€es wâ€¦
1485875896837885953	TinaLang2810	2022-01-25 07:23:14+00:00	Twitter for Android	None	None	None	0	RT @ORFImZentrum: ğŸ’¬â€Es kann kein Europa gegen Russland geben, weil Russland ist Teil Europasâ€œ @KernChri (SPÃ–) plÃ¤diert fÃ¼r Empathie, â€es wâ€¦
1485875613286244352	jasminchen8	2022-01-25 07:22:07+00:00	Twitter for Android	None	None	None	0	RT @ORFImZentrum: ğŸ’¬â€Es kann kein Europa gegen Russland geben, weil Russland ist Teil Europasâ€œ @KernChri (SPÃ–) plÃ¤diert fÃ¼r Empathie, â€es wâ€¦
1485866038436802560	DieDorli	2022-01-25 06:44:04+00:00	Twitter for Android	None	None	None	0	RT @ORFImZentrum: ğŸ’¬â€Es kann kein Europa gegen Russland geben, weil Russland ist Teil Europasâ€œ @KernChri (SPÃ–) plÃ¤diert fÃ¼r Empathie, â€es wâ€¦
1485849293470765056	Gernot1976	2022-01-25 05:37:31+00:00	Twitter for Android	None	None	None	0	RT @ORFImZentrum: ğŸ’¬â€Es kann kein Europa gegen Russland geben, weil Russland ist Teil Europasâ€œ @KernChri (SPÃ–) plÃ¤diert fÃ¼r Empathie, â€es wâ€¦
1485762210915889153	WDV_11	2022-01-24 23:51:29+00:00	Twitter for Android	None	None	None	0	RT @ORFImZentrum: ğŸ’¬â€Es kann kein Europa gegen Russland geben, weil Russland ist Teil Europasâ€œ @KernChri (SPÃ–) plÃ¤diert fÃ¼r Empathie, â€es wâ€¦
1485754469820289026	WDV_11	2022-01-24 23:20:44+00:00	Twitter for Android	None	None	None	0	RT @reisinscha: ich schau heute tatsÃ¤chlich #imzentrum und muss fast ein TrÃ¤nchen zerdrÃ¼cken, wenn ich @KernChri zuhÃ¶re. er hÃ¤tte uns nie iâ€¦
1485752295048503296	Ricardo30091549	2022-01-24 23:12:05+00:00	Twitter for Android	None	None	None	0	RT @ORFImZentrum: ğŸ’¬â€Es ist sehr schwer, in dieser Lage nicht von einer Bedrohung auszugehenâ€œ Die ehem. AuÃŸenministerin Ursula Plassnik (Ã–Vâ€¦
1485751074027982849	Arjuna06729937	2022-01-24 23:07:14+00:00	Twitter for iPhone	None	None	None	0	RT @ORFImZentrum: ğŸ’¬â€Es kann kein Europa gegen Russland geben, weil Russland ist Teil Europasâ€œ @KernChri (SPÃ–) plÃ¤diert fÃ¼r Empathie, â€es wâ€¦
1485750072629501954	Daniela_Kickl	2022-01-24 23:03:15+00:00	Twitter for Android	None	None	None	0	RT @ORFImZentrum: ğŸ’¬â€Es kann kein Europa gegen Russland geben, weil Russland ist Teil Europasâ€œ @KernChri (SPÃ–) plÃ¤diert fÃ¼r Empathie, â€es wâ€¦
1485748423668207628	KnutOgris	2022-01-24 22:56:42+00:00	Twitter for Android	None	None	None	0	RT @ORFImZentrum: ğŸ’¬â€Es kann kein Europa gegen Russland geben, weil Russland ist Teil Europasâ€œ @KernChri (SPÃ–) plÃ¤diert fÃ¼r Empathie, â€es wâ€¦
1485741636026048513	NowZeitspur	2022-01-24 22:29:44+00:00	Twitter Web App	None	None	None	0	RT @ORFImZentrum: ğŸ’¬â€Es kann kein Europa gegen Russland geben, weil Russland ist Teil Europasâ€œ @KernChri (SPÃ–) plÃ¤diert fÃ¼r Empathie, â€es wâ€¦
1485738657248161797	Leelah1	2022-01-24 22:17:54+00:00	Twitter for iPhone	None	None	None	0	RT @PeterBussjaeger: In dem Punkt, dass Ã¼ber den Einspruch eine hÃ¶here Strafe rauskommen kann als in der ImpfstrafverfÃ¼gung verhÃ¤ngt, gebeâ€¦
1485732412277547009	simonpiro93	2022-01-24 21:53:05+00:00	Twitter for Android	None	None	None	0	RT @ORFImZentrum: ğŸ’¬â€Es kann kein Europa gegen Russland geben, weil Russland ist Teil Europasâ€œ @KernChri (SPÃ–) plÃ¤diert fÃ¼r Empathie, â€es wâ€¦
1485732270300352512	drakkalas	2022-01-24 21:52:31+00:00	Twitter for Android	None	None	None	0	RT @ORFImZentrum: ğŸ’¬â€Es kann kein Europa gegen Russland geben, weil Russland ist Teil Europasâ€œ @KernChri (SPÃ–) plÃ¤diert fÃ¼r Empathie, â€es wâ€¦
1485731702379106309	HansHufnagel	2022-01-24 21:50:16+00:00	Twitter for iPad	None	None	None	0	RT @KatiSchneeberg1: Lieber @ORF, warum verbreiten Sie Mythen? #ImZentrum
1485727244618280962	flofootballpics	2022-01-24 21:32:33+00:00	Twitter for Android	None	None	None	0	RT @ORFImZentrum: ğŸ’¬â€Es kann kein Europa gegen Russland geben, weil Russland ist Teil Europasâ€œ @KernChri (SPÃ–) plÃ¤diert fÃ¼r Empathie, â€es wâ€¦
1485725845171974152	andikraxberger	2022-01-24 21:26:59+00:00	Twitter for Android	None	None	None	0	RT @PolSciUIBK: #ImZentrum: Putins Spiel mit dem Feuer - Droht ein Krieg in Europa? Gast war u.a. @gerhard_mangott: "Wir wissen einfach niâ€¦
1485724917207388171	Hofrat_M	2022-01-24 21:23:18+00:00	Twitter for iPhone	None	None	None	0	RT @reisinscha: ich schau heute tatsÃ¤chlich #imzentrum und muss fast ein TrÃ¤nchen zerdrÃ¼cken, wenn ich @KernChri zuhÃ¶re. er hÃ¤tte uns nie iâ€¦
1485720453289320451	predrag91614364	2022-01-24 21:05:34+00:00	Twitter for iPhone	None	None	None	0	RT @ORFImZentrum: ğŸ’¬â€Es kann kein Europa gegen Russland geben, weil Russland ist Teil Europasâ€œ @KernChri (SPÃ–) plÃ¤diert fÃ¼r Empathie, â€es wâ€¦
1485719315362025475	andikraxberger	2022-01-24 21:01:02+00:00	Twitter for Android	1485717839113867272	4744037902	andikraxberger	0	Mir ist unverstÃ¤ndlich, wie manche hier Mangott als Putin-Apologeten bezeichnen, wenn Josef "wirklich ein perfekter Stratege" Joffe hier nichts weniger als Putinverherrlichung und unkritische Machtgeilheit demonstriert. #imzentrum
1485718061990789123	Kornsengel	2022-01-24 20:56:03+00:00	Twitter for Android	None	None	None	0	RT @ORFImZentrum: ğŸ’¬â€Es kann kein Europa gegen Russland geben, weil Russland ist Teil Europasâ€œ @KernChri (SPÃ–) plÃ¤diert fÃ¼r Empathie, â€es wâ€¦
1485716917772075011	andikraxberger	2022-01-24 20:51:31+00:00	Twitter for Android	1485715223508045824	4744037902	andikraxberger	0	Und nachher schon noch nen Kaffee reindrÃ¼cken, Blutdruck eh schon auf 210 systolisch. Hoffe - fÃ¼r das akute Umfeld, und den Rest der Sendung - dass das wenigstens decaf ist. #imzentrum #machtnichtSpaÃŸbeiderDiskussion https://t.co/laqWmn6piV
1485715857661644802	GraefinErlach	2022-01-24 20:47:18+00:00	Twitter for Android	None	None	None	0	RT @ORFImZentrum: ğŸ’¬â€Es kann kein Europa gegen Russland geben, weil Russland ist Teil Europasâ€œ @KernChri (SPÃ–) plÃ¤diert fÃ¼r Empathie, â€es wâ€¦
1485715538877763584	KolbaPeter	2022-01-24 20:46:02+00:00	Twitter for iPad	None	None	None	0	RT @ORFImZentrum: ğŸ’¬â€Es kann kein Europa gegen Russland geben, weil Russland ist Teil Europasâ€œ @KernChri (SPÃ–) plÃ¤diert fÃ¼r Empathie, â€es wâ€¦
1485715223508045824	andikraxberger	2022-01-24 20:44:47+00:00	Twitter for Android	1485714718060859394	4744037902	andikraxberger	0	Jetzt kann ich auch die Einstiegsfrage beantworten: Entertainment-value. Sepp "Ich verbiete mir das" Joffe bringt ein bisschen Privatfernseh-Reality-TV Flair in die Debatte. #imzentrum
1485714882335068163	lkh_89	2022-01-24 20:43:25+00:00	Twitter for iPhone	None	None	None	0	RT @ORFImZentrum: ğŸ’¬â€Es kann kein Europa gegen Russland geben, weil Russland ist Teil Europasâ€œ @KernChri (SPÃ–) plÃ¤diert fÃ¼r Empathie, â€es wâ€¦
1485712599761235971	andikraxberger	2022-01-24 20:34:21+00:00	Twitter for Android	1485711080508825607	4744037902	andikraxberger	0	Ich, wie ich dem JJ zuschau, wie er sich durch die Sendung rÃ¤uspert. #imzentrum https://t.co/Rs6FJYABT9
1485711080508825607	andikraxberger	2022-01-24 20:28:19+00:00	Twitter for Android	1485709470130921474	4744037902	andikraxberger	0	Kern: "Ich kann das alles nicht ernstnehmen". Geht mir genauso bei der Mehrheit der SendungsgÃ¤ste. #imzentrum
1485710498008117252	zharaelva	2022-01-24 20:26:00+00:00	Twitter for iPhone	None	None	None	0	RT @ORFImZentrum: ğŸ’¬â€Es kann kein Europa gegen Russland geben, weil Russland ist Teil Europasâ€œ @KernChri (SPÃ–) plÃ¤diert fÃ¼r Empathie, â€es wâ€¦
1485707591862956038	andikraxberger	2022-01-24 20:14:27+00:00	Twitter for Android	None	None	None	0	Schaue gerade #imzentrum nach. Warum braucht's den Josef "RÃ¤usper" Joffe unbedingt? Lassts den armen ordentlich Schlaf bekommen, vor seinem Flug nach Amerika, und gebt dem Mangott stattdessen die Redezeit. Ich mag befangen sein, aber come on, was trÃ¤gt der zur Diskussion bei?
1485705934286594052	MartinKnopp1	2022-01-24 20:07:52+00:00	Twitter for Android	None	None	None	0	RT @DerMaerzAT: #Kern will mit den Russen reden und keine Sanktionsdrohungen, nachdem die Russen mit 100.000 Mann an der Grenze stehen undâ€¦
1485700881412722692	die_Fuechsin	2022-01-24 19:47:47+00:00	Twitter for Android	None	None	None	0	RT @reisinscha: ich schau heute tatsÃ¤chlich #imzentrum und muss fast ein TrÃ¤nchen zerdrÃ¼cken, wenn ich @KernChri zuhÃ¶re. er hÃ¤tte uns nie iâ€¦
1485700321724841994	SchulratEgger	2022-01-24 19:45:34+00:00	Twitter Web App	None	None	None	0	RT @ORFImZentrum: ğŸ’¬â€Es kann kein Europa gegen Russland geben, weil Russland ist Teil Europasâ€œ @KernChri (SPÃ–) plÃ¤diert fÃ¼r Empathie, â€es wâ€¦
1485694253628116999	SchickerHanna	2022-01-24 19:21:27+00:00	Twitter Web App	None	None	None	0	RT @ORFImZentrum: ğŸ’¬â€Niemand weiÃŸ, was Putin tatsÃ¤chlich mÃ¶chteâ€œ Russland-Experte und Politikwissenschaftler @gerhard_mangott schlieÃŸt nichâ€¦
1485692305327767556	RNachhaltig	2022-01-24 19:13:43+00:00	Twitter for iPhone	None	None	None	0	RT @badlogicgames: Sag mir, du bist Aufsichtsrat eines russischen Unternehmens, ohne zu sagen, du bist Aufsichtsrat eines russischen Unternâ€¦
1485691004938248201	samwisegamgee32	2022-01-24 19:08:33+00:00	Twitter for Android	None	None	None	0	RT @ORFImZentrum: ğŸ’¬â€Es kann kein Europa gegen Russland geben, weil Russland ist Teil Europasâ€œ @KernChri (SPÃ–) plÃ¤diert fÃ¼r Empathie, â€es wâ€¦
1485685995198681090	KernNiko	2022-01-24 18:48:38+00:00	Twitter Web App	None	None	None	0	RT @ORFImZentrum: ğŸ’¬â€Es kann kein Europa gegen Russland geben, weil Russland ist Teil Europasâ€œ @KernChri (SPÃ–) plÃ¤diert fÃ¼r Empathie, â€es wâ€¦
1485684846957674503	vivienrome	2022-01-24 18:44:04+00:00	Twitter Web App	None	None	None	0	RT @HamiltonPR5: Best Marketing Strategy for your Business. #marketing #business #strategy #socialmediamarketing #digitalmarketing #hamiltoâ€¦
1485684376994254849	RNachhaltig	2022-01-24 18:42:12+00:00	Twitter for iPhone	None	None	None	0	RT @KatiSchneeberg1: Lieber @ORF, warum verbreiten Sie Mythen? #ImZentrum
1485679485441748992	4verse	2022-01-24 18:22:46+00:00	Twitter for Android	None	None	None	0	RT @ORFImZentrum: ğŸ’¬â€Es kann kein Europa gegen Russland geben, weil Russland ist Teil Europasâ€œ @KernChri (SPÃ–) plÃ¤diert fÃ¼r Empathie, â€es wâ€¦
1485677408292376577	APlainer	2022-01-24 18:14:31+00:00	Twitter for iPhone	None	None	None	0	RT @reisinscha: ich schau heute tatsÃ¤chlich #imzentrum und muss fast ein TrÃ¤nchen zerdrÃ¼cken, wenn ich @KernChri zuhÃ¶re. er hÃ¤tte uns nie iâ€¦
1485676808850886661	manfredkimmel	2022-01-24 18:12:08+00:00	Twitter for iPhone	None	None	None	0	HÃ¤tte gestern #imzentrum Christoph Leitl (bekanntlich alles andere als russophob) gleich wie @KernChri argumentiert,wÃ¼rden Vpler jetzt Ã¼ber dessen Ã¶konomische Weitsicht und beidseitige Betrachtungsweise applaudieren.
1485674781194305539	reiterec	2022-01-24 18:04:04+00:00	Twitter for iPhone	None	None	None	0	RT @ORFImZentrum: ğŸ’¬â€Es wird Russland gewinnen und es wird die Ukraine verlieren.â€œ @DIEZEIT-Herausgeber Josef Joffe bezweifelt eine Kriegsaâ€¦
1485674759140659206	reiterec	2022-01-24 18:03:59+00:00	Twitter for iPhone	None	None	None	0	RT @ORFImZentrum: ğŸ’¬â€Es ist sehr schwer, in dieser Lage nicht von einer Bedrohung auszugehenâ€œ Die ehem. AuÃŸenministerin Ursula Plassnik (Ã–Vâ€¦
1485674739121233929	reiterec	2022-01-24 18:03:54+00:00	Twitter for iPhone	None	None	None	0	RT @ORFImZentrum: ğŸ’¬â€Es ist sicherlich so gefÃ¤hrlich in der internationalen Politik wie seit 30 Jahren nichtâ€œ FÃ¼r Ukraine-Korrespondent Châ€¦
1485674719714107394	reiterec	2022-01-24 18:03:50+00:00	Twitter for iPhone	None	None	None	0	RT @ORFImZentrum: ğŸ’¬â€Niemand weiÃŸ, was Putin tatsÃ¤chlich mÃ¶chteâ€œ Russland-Experte und Politikwissenschaftler @gerhard_mangott schlieÃŸt nichâ€¦
1485674692598022146	reiterec	2022-01-24 18:03:43+00:00	Twitter for iPhone	None	None	None	0	RT @ORFImZentrum: ğŸ’¬â€Es kann kein Europa gegen Russland geben, weil Russland ist Teil Europasâ€œ @KernChri (SPÃ–) plÃ¤diert fÃ¼r Empathie, â€es wâ€¦
1485674322777853956	marcus_didius	2022-01-24 18:02:15+00:00	Twitter for iPhone	None	None	None	0	RT @reisinscha: ich schau heute tatsÃ¤chlich #imzentrum und muss fast ein TrÃ¤nchen zerdrÃ¼cken, wenn ich @KernChri zuhÃ¶re. er hÃ¤tte uns nie iâ€¦
1485674306680012800	vienna1011	2022-01-24 18:02:11+00:00	Twitter for Android	None	None	None	0	RT @reisinscha: ich schau heute tatsÃ¤chlich #imzentrum und muss fast ein TrÃ¤nchen zerdrÃ¼cken, wenn ich @KernChri zuhÃ¶re. er hÃ¤tte uns nie iâ€¦
1485671621721575428	elfi_jirsa	2022-01-24 17:51:31+00:00	Twitter for iPhone	None	None	None	0	RT @reisinscha: ich schau heute tatsÃ¤chlich #imzentrum und muss fast ein TrÃ¤nchen zerdrÃ¼cken, wenn ich @KernChri zuhÃ¶re. er hÃ¤tte uns nie iâ€¦
1485671576448212995	armin_riedel	2022-01-24 17:51:20+00:00	Twitter for iPhone	None	None	None	0	RT @ORFImZentrum: ğŸ’¬â€Es kann kein Europa gegen Russland geben, weil Russland ist Teil Europasâ€œ @KernChri (SPÃ–) plÃ¤diert fÃ¼r Empathie, â€es wâ€¦
1485670771494170624	Mhs_ThatFace	2022-01-24 17:48:09+00:00	Twitter for iPhone	None	None	None	0	RT @ORFImZentrum: ğŸ’¬â€Es kann kein Europa gegen Russland geben, weil Russland ist Teil Europasâ€œ @KernChri (SPÃ–) plÃ¤diert fÃ¼r Empathie, â€es wâ€¦
1485669596245934082	VillacoConvenio	2022-01-24 17:43:28+00:00	Twitter for iPhone	None	None	None	0	RT @ORFImZentrum: ğŸ’¬â€Es kann kein Europa gegen Russland geben, weil Russland ist Teil Europasâ€œ @KernChri (SPÃ–) plÃ¤diert fÃ¼r Empathie, â€es wâ€¦
1485669547126501381	BernhardZoidl	2022-01-24 17:43:17+00:00	Twitter Web App	None	None	None	0	RT @ORFImZentrum: ğŸ’¬â€Es kann kein Europa gegen Russland geben, weil Russland ist Teil Europasâ€œ @KernChri (SPÃ–) plÃ¤diert fÃ¼r Empathie, â€es wâ€¦
1485668398163976199	grafkaroly	2022-01-24 17:38:43+00:00	Twitter Web App	None	None	None	0	RT @ORFImZentrum: ğŸ’¬â€Es kann kein Europa gegen Russland geben, weil Russland ist Teil Europasâ€œ @KernChri (SPÃ–) plÃ¤diert fÃ¼r Empathie, â€es wâ€¦
1485665133888262144	KernChri	2022-01-24 17:25:44+00:00	Twitter for iPhone	None	None	None	0	RT @ORFImZentrum: ğŸ’¬â€Es kann kein Europa gegen Russland geben, weil Russland ist Teil Europasâ€œ @KernChri (SPÃ–) plÃ¤diert fÃ¼r Empathie, â€es wâ€¦
1485664620459220992	johann90522703	2022-01-24 17:23:42+00:00	Twitter for Android	None	None	None	0	RT @reisinscha: ich schau heute tatsÃ¤chlich #imzentrum und muss fast ein TrÃ¤nchen zerdrÃ¼cken, wenn ich @KernChri zuhÃ¶re. er hÃ¤tte uns nie iâ€¦
1485663047943430155	Chrissy19111	2022-01-24 17:17:27+00:00	Twitter for Android	None	None	None	0	RT @reisinscha: ich schau heute tatsÃ¤chlich #imzentrum und muss fast ein TrÃ¤nchen zerdrÃ¼cken, wenn ich @KernChri zuhÃ¶re. er hÃ¤tte uns nie iâ€¦
1485658885960646663	Mynecklace	2022-01-24 17:00:55+00:00	Twitter for iPad	None	None	None	0	RT @HamiltonPR5: Best Marketing Strategy for your Business. #marketing #business #strategy #socialmediamarketing #digitalmarketing #hamiltoâ€¦
1485658323391238145	evibytweet	2022-01-24 16:58:41+00:00	Twitter Web App	None	None	None	0	RT @reisinscha: ich schau heute tatsÃ¤chlich #imzentrum und muss fast ein TrÃ¤nchen zerdrÃ¼cken, wenn ich @KernChri zuhÃ¶re. er hÃ¤tte uns nie iâ€¦
1485657588817670146	HamiltonPR5	2022-01-24 16:55:46+00:00	Twitter Web App	None	None	None	6	Best Marketing Strategy for your Business. #marketing #business #strategy #socialmediamarketing #digitalmarketing #hamiltonPr5 #MondayMotivation #DoneWithCovid #alayma22 #NationalComplimentDay #Plakolm #YesWeCare #imzentrum #tatortsaarbruecken #Heidelberg #Heidelberg #USA https://t.co/WxWu9vhOC7
1485657056929402882	Ingrid09772952	2022-01-24 16:53:39+00:00	Twitter for Android	None	None	None	0	RT @chri_gru: Eine starke EU ğŸ‡ªğŸ‡º ist besser als Dutzende schwache Nationalstaaten. Ich hoffe, das wird jetzt durch diese Russlandsache und dâ€¦
1485654739572428809	Ingrid09772952	2022-01-24 16:44:26+00:00	Twitter for Android	None	None	None	0	RT @reisinscha: ich schau heute tatsÃ¤chlich #imzentrum und muss fast ein TrÃ¤nchen zerdrÃ¼cken, wenn ich @KernChri zuhÃ¶re. er hÃ¤tte uns nie iâ€¦
1485647145365614595	AntjeClaudia	2022-01-24 16:14:16+00:00	Twitter Web App	None	None	None	0	Habe #imZentrum nachgeschaut. #Joffe ist der Inbegriff des #OWM der sich - selbstherrlich- nicht darum schert, wie unangenehm, despektierlich und unangebracht sein Gehabe ist. UnertrÃ¤glich fand ich das. Entbehrlich auch #Plassnik AnimositÃ¤t gegenÃ¼ber konstruktivem @KernChri. .
1485641469155332103	linksbazi	2022-01-24 15:51:42+00:00	Twitter for Android	None	None	None	0	RT @ORFImZentrum: ğŸ’¬â€Es kann kein Europa gegen Russland geben, weil Russland ist Teil Europasâ€œ @KernChri (SPÃ–) plÃ¤diert fÃ¼r Empathie, â€es wâ€¦
1485635610345984003	Mhs_ThatFace	2022-01-24 15:28:25+00:00	Twitter for iPhone	None	None	None	0	RT @RomanPable: Wie immer ist @gerhard_mangott eine intellektuelle Bereicherung fÃ¼r #imZentrum. Wer die Ukrainer nicht in den Fleischwolf sâ€¦
1485635320729198594	DemokratiusRep	2022-01-24 15:27:16+00:00	Twitter Web App	None	None	None	0	Der Tag, an dem Sigi Maurer und die GrÃ¼nen nicht mehr in der Ã–sterreichischen Bundesregierung sitzen, wird ein Freudentag in der 2. Republik seinğŸ™ğŸ™ğŸ™!!! https://t.co/891bPFmfym #Plakolm #imzentrum Salomon
1485632251429851140	DemokratiusRep	2022-01-24 15:15:05+00:00	Twitter Web App	None	None	None	0	ğŸ‘ğŸ‘ğŸ‘ https://t.co/MUoybYUmdK #Plakolm #imzentrum
1485630296716414986	menora1	2022-01-24 15:07:19+00:00	Twitter Web App	1485629572137820165	285576867	FabioPolly	0	@FabioPolly @gerhard_mangott @RomanPable Vermutlich halten Sie auch den Auftritt des Ex-Kanzlers fÃ¼r durchaus vertretbar? #ImZentrum
1485628357169590281	Mhs_ThatFace	2022-01-24 14:59:36+00:00	Twitter for iPhone	None	None	None	0	RT @reisinscha: ich schau heute tatsÃ¤chlich #imzentrum und muss fast ein TrÃ¤nchen zerdrÃ¼cken, wenn ich @KernChri zuhÃ¶re. er hÃ¤tte uns nie iâ€¦
1485622739922792458	Raupe3	2022-01-24 14:37:17+00:00	Twitter Web App	None	None	None	0	RT @ORFImZentrum: ğŸ’¬â€Es kann kein Europa gegen Russland geben, weil Russland ist Teil Europasâ€œ @KernChri (SPÃ–) plÃ¤diert fÃ¼r Empathie, â€es wâ€¦
1485621294464962569	PelinkaPeter	2022-01-24 14:31:32+00:00	Twitter for iPhone	None	None	None	0	SpÃ¤tes echo auf #imzentrum: #mangott, #kern und #wehrschÃ¼tz wohltuend differenziert und sachlich, #joffe ein nicht nur kalter krieger
1485621205956706312	TraudePinter	2022-01-24 14:31:11+00:00	Twitter Web App	None	None	None	0	RT @ORFImZentrum: ğŸ’¬â€Es kann kein Europa gegen Russland geben, weil Russland ist Teil Europasâ€œ @KernChri (SPÃ–) plÃ¤diert fÃ¼r Empathie, â€es wâ€¦
1485621175413788678	TraudePinter	2022-01-24 14:31:04+00:00	Twitter Web App	None	None	None	0	RT @ORFImZentrum: ğŸ’¬â€Niemand weiÃŸ, was Putin tatsÃ¤chlich mÃ¶chteâ€œ Russland-Experte und Politikwissenschaftler @gerhard_mangott schlieÃŸt nichâ€¦
1485617657852407812	AlfredStrich	2022-01-24 14:17:05+00:00	Twitter for iPhone	None	None	None	0	RT @RomanPable: Wie immer ist @gerhard_mangott eine intellektuelle Bereicherung fÃ¼r #imZentrum. Wer die Ukrainer nicht in den Fleischwolf sâ€¦
1485612568249044993	schierhangl	2022-01-24 13:56:52+00:00	Twitter for Android	None	None	None	0	RT @ORFImZentrum: ğŸ’¬â€Es kann kein Europa gegen Russland geben, weil Russland ist Teil Europasâ€œ @KernChri (SPÃ–) plÃ¤diert fÃ¼r Empathie, â€es wâ€¦
1485612369648754690	schierhangl	2022-01-24 13:56:04+00:00	Twitter for Android	None	None	None	0	RT @ORFImZentrum: ğŸ’¬â€Niemand weiÃŸ, was Putin tatsÃ¤chlich mÃ¶chteâ€œ Russland-Experte und Politikwissenschaftler @gerhard_mangott schlieÃŸt nichâ€¦
1485612335867863040	schierhangl	2022-01-24 13:55:56+00:00	Twitter for Android	None	None	None	0	RT @Daniela_Kickl: Der @gerhard_mangott bleibt bei "hysterischer" Debatte, auch wenn der Deutsche Joffe das hysterisch ablehnt ğŸ˜‚ğŸ’ª #imzentrâ€¦
1485612095697829888	schierhangl	2022-01-24 13:54:59+00:00	Twitter for Android	None	None	None	0	RT @cherevolte: ich sehe @KernChri bei #imzentrum und muss mir denken â€Ã¶sterreich hat wirklich diese tÃ¶lpel gegenÃ¼ber diesem mann bevorzugtâ€¦
1485605805705646083	im_sueden	2022-01-24 13:29:59+00:00	Twitter for iPhone	None	None	None	0	RT @reisinscha: ich schau heute tatsÃ¤chlich #imzentrum und muss fast ein TrÃ¤nchen zerdrÃ¼cken, wenn ich @KernChri zuhÃ¶re. er hÃ¤tte uns nie iâ€¦
1485605530072719361	bernhard_goelle	2022-01-24 13:28:54+00:00	Twitter for Android	None	None	None	0	RT @evakalla: Abgesehen von seiner hervorragenden Expertise, liebe ich das ruhige, klare Auftreten von @gerhard_mangott #imZentrum
1485600760943591428	jfohringer	2022-01-24 13:09:57+00:00	Twitter Web App	None	None	None	0	RT @reisinscha: ich schau heute tatsÃ¤chlich #imzentrum und muss fast ein TrÃ¤nchen zerdrÃ¼cken, wenn ich @KernChri zuhÃ¶re. er hÃ¤tte uns nie iâ€¦
1485600423742296069	gwsommer	2022-01-24 13:08:36+00:00	Twitter for iPad	None	None	None	0	RT @ORFImZentrum: ğŸ’¬â€Es kann kein Europa gegen Russland geben, weil Russland ist Teil Europasâ€œ @KernChri (SPÃ–) plÃ¤diert fÃ¼r Empathie, â€es wâ€¦
1485599994602307589	kpigl	2022-01-24 13:06:54+00:00	Twitter for Android	None	None	None	0	RT @reisinscha: ich schau heute tatsÃ¤chlich #imzentrum und muss fast ein TrÃ¤nchen zerdrÃ¼cken, wenn ich @KernChri zuhÃ¶re. er hÃ¤tte uns nie iâ€¦
1485598779290046464	deinesektion	2022-01-24 13:02:04+00:00	Twitter for iPad	None	None	None	0	RT @ORFImZentrum: ğŸ’¬â€Es kann kein Europa gegen Russland geben, weil Russland ist Teil Europasâ€œ @KernChri (SPÃ–) plÃ¤diert fÃ¼r Empathie, â€es wâ€¦
1485597417802248193	subflower	2022-01-24 12:56:40+00:00	Twitter for Android	None	None	None	0	RT @ORFImZentrum: ğŸ’¬â€Es kann kein Europa gegen Russland geben, weil Russland ist Teil Europasâ€œ @KernChri (SPÃ–) plÃ¤diert fÃ¼r Empathie, â€es wâ€¦
1485597277427228677	subflower	2022-01-24 12:56:06+00:00	Twitter for Android	None	None	None	0	RT @ORFImZentrum: ğŸ’¬â€Niemand weiÃŸ, was Putin tatsÃ¤chlich mÃ¶chteâ€œ Russland-Experte und Politikwissenschaftler @gerhard_mangott schlieÃŸt nichâ€¦
1485595210914705411	KnutOgris	2022-01-24 12:47:53+00:00	Twitter for Android	None	None	None	0	RT @ORFImZentrum: ğŸ’¬â€Niemand weiÃŸ, was Putin tatsÃ¤chlich mÃ¶chteâ€œ Russland-Experte und Politikwissenschaftler @gerhard_mangott schlieÃŸt nichâ€¦
1485591988053454851	ORFImZentrum	2022-01-24 12:35:05+00:00	Twitter Web App	None	None	None	6	ğŸ’¬â€Niemand weiÃŸ, was Putin tatsÃ¤chlich mÃ¶chteâ€œ Russland-Experte und Politikwissenschaftler @gerhard_mangott schlieÃŸt nicht aus, dass der Ukraine-Konflikt in Krieg mÃ¼ndet. Ein Aufschub der NATO-BeitrittsgesprÃ¤che mit der Ukraine wÃ¼rde zur Entspannung beitragen. #imzentrum https://t.co/UjGzMqtzsF
1485589964368879616	ORFImZentrum	2022-01-24 12:27:03+00:00	Twitter Web App	None	None	None	42	ğŸ’¬â€Es kann kein Europa gegen Russland geben, weil Russland ist Teil Europasâ€œ @KernChri (SPÃ–) plÃ¤diert fÃ¼r Empathie, â€es wie die andere Seite zu sehenâ€œ, und kritisiert die EU: Durch die Energie-AbhÃ¤ngigkeit mÃ¼ssten sich Menschen entscheiden, â€ob sie heizen oder essenâ€œ. #imzentrum https://t.co/8zvkEXHTXw
1485589375211745280	June26Jasmine	2022-01-24 12:24:42+00:00	Twitter for iPhone	None	None	None	0	RT @reisinscha: ich schau heute tatsÃ¤chlich #imzentrum und muss fast ein TrÃ¤nchen zerdrÃ¼cken, wenn ich @KernChri zuhÃ¶re. er hÃ¤tte uns nie iâ€¦
1485589229342183424	infraexplained	2022-01-24 12:24:07+00:00	Twitter Web App	None	None	None	0	RT @chri_gru: Eine starke EU ğŸ‡ªğŸ‡º ist besser als Dutzende schwache Nationalstaaten. Ich hoffe, das wird jetzt durch diese Russlandsache und dâ€¦
1485588997992861702	GudrunRossmann	2022-01-24 12:23:12+00:00	Twitter for iPhone	None	None	None	0	RT @reisinscha: ich schau heute tatsÃ¤chlich #imzentrum und muss fast ein TrÃ¤nchen zerdrÃ¼cken, wenn ich @KernChri zuhÃ¶re. er hÃ¤tte uns nie iâ€¦
1485588642538172417	KnutOgris	2022-01-24 12:21:47+00:00	Twitter for Android	None	None	None	0	RT @reisinscha: ich schau heute tatsÃ¤chlich #imzentrum und muss fast ein TrÃ¤nchen zerdrÃ¼cken, wenn ich @KernChri zuhÃ¶re. er hÃ¤tte uns nie iâ€¦
1485583511352397825	ORFImZentrum	2022-01-24 12:01:24+00:00	Twitter Web App	None	None	None	1	ğŸ’¬â€Es ist sicherlich so gefÃ¤hrlich in der internationalen Politik wie seit 30 Jahren nichtâ€œ FÃ¼r Ukraine-Korrespondent Christian @Wehrschu ist unklar, was Putin tatsÃ¤chlich will. Eine Westorientierung der Ukraine werde durch die DrohgebÃ¤rden Russlands nur befÃ¶rdert. #imzentrum https://t.co/mG1xfpupPq
1485582082869014530	ORFImZentrum	2022-01-24 11:55:43+00:00	Twitter Web App	None	None	None	2	ğŸ’¬â€Es ist sehr schwer, in dieser Lage nicht von einer Bedrohung auszugehenâ€œ Die ehem. AuÃŸenministerin Ursula Plassnik (Ã–VP) plÃ¤diert dafÃ¼r, die Forderungen Russlands ernst zu nehmen. Verletzungen des VÃ¶lkerrechts seien aber auf keinen Fall hinzunehmen. #imzentrum https://t.co/KRiFHan82h
1485580724069715969	SecondraC	2022-01-24 11:50:20+00:00	Twitter for iPhone	None	None	None	0	RT @SecondraC: @CarinaR44012129 The ugly truth - haha - Gott sei dank hat sich Madeleine Petrovic bei den GrÃ¼nen aufgemacht den Spinnern inâ€¦
1485580638736560133	SecondraC	2022-01-24 11:49:59+00:00	Twitter for iPhone	None	None	None	0	RT @SecondraC: Gut - dass es pragmatisierung gibt - sonst hÃ¤tt der kneihs morgen kam Job mehr - der Karner biztzelt schon wird Rumpelstilzcâ€¦
1485580445974769667	BRENKSTER	2022-01-24 11:49:13+00:00	Twitter for iPhone	None	None	None	0	Just #ImZentrum things â€¦ https://t.co/pBV13hj093
1485579194704834564	ORFImZentrum	2022-01-24 11:44:15+00:00	Twitter Web App	None	None	None	1	ğŸ’¬â€Es wird Russland gewinnen und es wird die Ukraine verlieren.â€œ @DIEZEIT-Herausgeber Josef Joffe bezweifelt eine Kriegsabsicht von Putin: â€Der beste Krieg ist der, den man nicht fÃ¼hren mussâ€œ. Es sei klar, was Putin wolle: EingestÃ¤ndnisse vom Westen und der Ukraine. #imzentrum https://t.co/UiH2KoSf7M
1485575510684012545	convl0	2022-01-24 11:29:37+00:00	Twitter Web App	None	None	None	0	Bei #imzentrum Politik auf den Punkt gebracht von @KernChri: "(In dieser Situation) werden Sie nur offizielle Statements bekommen die mÃ¶glicherweise die Hintergedanken nicht reflektieren, das ist so."
1485572456517672961	EstererRoland	2022-01-24 11:17:28+00:00	Twitter for Android	None	None	None	0	RT @MW42522637: - Es ist wichtig, dass wir endlich Diskussionen wie gestern #imzentrum fÃ¼hren; - es ist augenscheinlich, wie sehr die Realiâ€¦
1485571701660389381	Roderick_Vienna	2022-01-24 11:14:28+00:00	Twitter for iPhone	None	None	None	0	Ganz klar Team @gerhard_mangott. Hysterie ist Hysterie, muss gesagt sein. #imzentrum
1485567574591119362	Poechinger	2022-01-24 10:58:04+00:00	Twitter for iPhone	None	None	None	0	RT @MW42522637: - Es ist wichtig, dass wir endlich Diskussionen wie gestern #imzentrum fÃ¼hren; - es ist augenscheinlich, wie sehr die Realiâ€¦
1485565921431281669	PolSciUIBK	2022-01-24 10:51:30+00:00	Twitter Web App	None	None	None	1	#ImZentrum: Putins Spiel mit dem Feuer - Droht ein Krieg in Europa? Gast war u.a. @gerhard_mangott: "Wir wissen einfach nicht, was #Putin wirklich vor hat." https://t.co/9tAMWsUO1a #UkraineKonflikt #Ukraine #Russland #Krieg
1485563874543820807	FHabersberger	2022-01-24 10:43:22+00:00	Twitter Web App	None	None	None	0	RT @EliasKindl: Der Ex-Bundeskanzler, der heute auf der Payroll eines der grÃ¶ÃŸten russischen Staatsunternehmen steht, mÃ¶chte mehr VerstÃ¤ndnâ€¦
1485563039143366656	RaimundUnger	2022-01-24 10:40:03+00:00	Twitter for iPhone	None	None	None	0	RT @badlogicgames: Sag mir, du bist Aufsichtsrat eines russischen Unternehmens, ohne zu sagen, du bist Aufsichtsrat eines russischen Unternâ€¦
1485560280985735168	DemokratiusRep	2022-01-24 10:29:06+00:00	Twitter Web App	None	None	None	0	Das heiÃŸt, das wÃ¤ren dann bis inclusive 2024 ! 51 ! Impfungen. Will das der kettenrauchende "Gesundheitsminister" dann auch noch zwangsweise durchsetzen? Also jetzt wird dann hoffentlich der Verfassungsgerichtshof eingreifen! ğŸ‘ğŸ‘ğŸ‘ https://t.co/S6dRfvw8UU #Plakolm #ImZentrum
1485558001528410112	muhaddib72	2022-01-24 10:20:02+00:00	TweetCaster for Android	None	None	None	0	RT @cherevolte: ich sehe @KernChri bei #imzentrum und muss mir denken â€Ã¶sterreich hat wirklich diese tÃ¶lpel gegenÃ¼ber diesem mann bevorzugtâ€¦
1485557230137221122	Julia8La	2022-01-24 10:16:58+00:00	Twitter Web App	None	None	None	0	RT @reisinscha: ich schau heute tatsÃ¤chlich #imzentrum und muss fast ein TrÃ¤nchen zerdrÃ¼cken, wenn ich @KernChri zuhÃ¶re. er hÃ¤tte uns nie iâ€¦
1485555578323849220	Hofrat_M	2022-01-24 10:10:24+00:00	Twitter for iPhone	None	None	None	0	RT @cherevolte: ich sehe @KernChri bei #imzentrum und muss mir denken â€Ã¶sterreich hat wirklich diese tÃ¶lpel gegenÃ¼ber diesem mann bevorzugtâ€¦
1485553578450300930	DemokratiusRep	2022-01-24 10:02:28+00:00	Twitter Web App	None	None	None	0	Sehr geehrte RechtsanwÃ¤lte in Ã–sterreich! Ich bitte Sie wegen der anhaltenden Freiheitsberaubungen - Stichwort Lockdown der Ungeimpften seit 15. November- eine Sachverhaltsdarstellung bei der Staatsanwaltschaft einzubringenğŸ‘ğŸ‘ğŸ‘ #Plakolm #imZentrum #pressestunde Salomon
1485553532224868353	IreneW1812	2022-01-24 10:02:16+00:00	Twitter for iPhone	None	None	None	0	RT @DerMaerzAT: Kern will das "alle" die "Rhetorik runterfahren" #imzentrum BlÃ¶d das die eine Seite mit 100.000 Mann an der Grenze steht uâ€¦
1485553166435422213	lady_bossa	2022-01-24 10:00:49+00:00	Twitter for iPad	None	None	None	0	RT @cherevolte: ich sehe @KernChri bei #imzentrum und muss mir denken â€Ã¶sterreich hat wirklich diese tÃ¶lpel gegenÃ¼ber diesem mann bevorzugtâ€¦
1485552740143177736	IreneW1812	2022-01-24 09:59:08+00:00	Twitter for iPhone	None	None	None	0	RT @DerMaerzAT: #Kern will mit den Russen reden und keine Sanktionsdrohungen, nachdem die Russen mit 100.000 Mann an der Grenze stehen undâ€¦
1485552704147668992	SchulratEgger	2022-01-24 09:58:59+00:00	Twitter for iPhone	None	None	None	0	RT @reisinscha: ich schau heute tatsÃ¤chlich #imzentrum und muss fast ein TrÃ¤nchen zerdrÃ¼cken, wenn ich @KernChri zuhÃ¶re. er hÃ¤tte uns nie iâ€¦
1485549675470069763	IreneW1812	2022-01-24 09:46:57+00:00	Twitter for iPhone	None	None	None	0	RT @hofrat: Ja, Â«es ist ein Kern-ProblemÂ», ganz richtig, Herr WehrschÃ¼tz. Von Russland bezahlte Ex-Politik*innen und auffÃ¤llig viele aus deâ€¦
1485544477972480001	Max62153089	2022-01-24 09:26:18+00:00	Twitter for iPhone	None	None	None	0	RT @guenschl: #imzentrum #Kern verlangt mehr VerstÃ¤ndnis
1485543330171785220	ketaminer	2022-01-24 09:21:44+00:00	Twitter for Android	None	None	None	0	RT @fhorntweets: Die Diskussion #ImZentrum zeigt sehr es an einer gemeinsamen europÃ¤ischen AuÃŸen- und Sicherheitspolitik fehlt. Ist allen bâ€¦
1485542282585649153	QDietmar	2022-01-24 09:17:34+00:00	Twitter for Android	None	None	None	0	RT @Robert_V_Schuh: #imzentrum Abgehalfterte tÃ¼rkise AuÃŸenministerin zur Weltlage? ... Muss ich nicht verstehen... Nun gut, vielleicht warâ€¦
1485538014042501122	menora1	2022-01-24 09:00:37+00:00	Twitter Web App	None	None	None	0	https://t.co/PO6gj3Jp6z Es muss ja nicht alles auf #Reiterer Niveau ablaufen. #ImZentrum
1485537070848294913	RNachhaltig	2022-01-24 08:56:52+00:00	Twitter for iPhone	None	None	None	0	RT @DerMaerzAT: Kern will das "alle" die "Rhetorik runterfahren" #imzentrum BlÃ¶d das die eine Seite mit 100.000 Mann an der Grenze steht uâ€¦
1485536363047014403	bvoelkl	2022-01-24 08:54:03+00:00	Twitter for Android	None	None	None	0	RT @tschinderle: Das waren noch Zeiten. #imzentrum https://t.co/KfRKHlDaqr
1485535870904152068	DerAnzeiger	2022-01-24 08:52:06+00:00	Twitter Web App	None	None	None	0	RT @ORFImZentrum: "Putins Spiel mit dem Feuer â€“ Droht ein Krieg in Europa?" Wie groÃŸ ist die Gefahr einer Eskalation in der Ukraine? Dazuâ€¦
1485529907816022019	MW42522637	2022-01-24 08:28:24+00:00	Twitter Web App	None	None	None	3	- Es ist wichtig, dass wir endlich Diskussionen wie gestern #imzentrum fÃ¼hren; - es ist augenscheinlich, wie sehr die RealitÃ¤t bereits fernab unseres tagespolit. Diskurses ist. Ein souverÃ¤ner Staat muss sich verteidigen kÃ¶nnen (wollen). DafÃ¼r muss man aber RealitÃ¤ten anerkennen.
1485529779021520900	BolzenPeda	2022-01-24 08:27:53+00:00	Twitter for Android	None	None	None	0	RT @tschinderle: Das waren noch Zeiten. #imzentrum https://t.co/KfRKHlDaqr
1485526678050938889	naapi	2022-01-24 08:15:34+00:00	Twitter for Android	None	None	None	0	RT @SolautSonja: .@reiterec verweist auf d. frÃ¼here Funktion Von der Leyens als AuÃŸenministerin, als wÃ¤re das 1 Nachweis ihrer Expertise. Iâ€¦
1485523986180198404	Openly_Biased	2022-01-24 08:04:52+00:00	Twitter for Android	1485365615833632777	414762077	mar_itag	0	@mar_itag Herzlichen Dank! Darf ich fragen, worauf sich #imzentrum bezieht?
1485523345806397444	AuroraVanish	2022-01-24 08:02:19+00:00	Twitter for iPad	None	None	None	0	RT @DerMaerzAT: #Kern will mit den Russen reden und keine Sanktionsdrohungen, nachdem die Russen mit 100.000 Mann an der Grenze stehen undâ€¦
1485521173370839040	AnichPeter	2022-01-24 07:53:42+00:00	Twitter for Android	None	None	None	1	Biden nennt Putin ungestraft MÃ¶rder. Die EU verhÃ¤ngt Sanktionen Ã¼ber Russland, obwohl man von dessen Ã–l- und Gaslieferungen abhÃ¤ngig ist. Diese Russlandphobie ist langsam unertrÃ¤glich, gerade weil d USA keinen Deut besser sind #imzentrum
1485520756628983808	benbawan	2022-01-24 07:52:02+00:00	Twitter Web App	None	None	None	0	RT @KatiSchneeberg1: Vollkommen richtig Josef Joffe, der Westen hat keine Bringschuld. Es geht nicht darum zu fragen, was wir einem Aggressâ€¦
1485518864557424643	Max62153089	2022-01-24 07:44:31+00:00	Twitter for iPhone	None	None	None	0	RT @hofrat: Ja, Â«es ist ein Kern-ProblemÂ», ganz richtig, Herr WehrschÃ¼tz. Von Russland bezahlte Ex-Politik*innen und auffÃ¤llig viele aus deâ€¦
1485512437407358976	Zug____Zug	2022-01-24 07:18:59+00:00	Twitter Web App	1485395872305356802	474156662	gerhard_mangott	0	@gerhard_mangott @KatiSchneeberg1 Ich fand die AusfÃ¼hrungen gestern #imzentrum sehr lehrreich, da ich wenig Kenntnis Ã¼ber die geopolitischen ZusammenhÃ¤nge habe. Jedoch hilft mir jetzt zu verstehen, dass wir (EU) das selbst vermasselt haben und daher (sowieso) kein Recht auf Arroganz haben. Lernen aus den Fehlern.
1485512024272650243	Glossa_Austria	2022-01-24 07:17:20+00:00	Twitter Web App	None	None	None	0	RT @EliasKindl: Der Ex-Bundeskanzler, der heute auf der Payroll eines der grÃ¶ÃŸten russischen Staatsunternehmen steht, mÃ¶chte mehr VerstÃ¤ndnâ€¦
1485506462407348225	jfohringer	2022-01-24 06:55:14+00:00	Twitter Web App	None	None	None	0	RT @fhorntweets: Die Diskussion #ImZentrum zeigt sehr es an einer gemeinsamen europÃ¤ischen AuÃŸen- und Sicherheitspolitik fehlt. Ist allen bâ€¦
1485500706412978180	DanielS22118455	2022-01-24 06:32:22+00:00	Twitter for Android	None	None	None	0	RT @fhorntweets: Die Diskussion #ImZentrum zeigt sehr es an einer gemeinsamen europÃ¤ischen AuÃŸen- und Sicherheitspolitik fehlt. Ist allen bâ€¦
1485490409186938880	RZ_0024	2022-01-24 05:51:27+00:00	Twitter Web App	None	None	None	0	#ImZentrum Si vis pacem para bellum (abgeleitet von nomoi plato VIII) Wenn Du den Frieden willst, rÃ¼ste Dich zum Krieg Die EU hat den Fehler gemacht, zu glauben, dass wir Ã¼ber die Barbarei eines Krieges hinaus wÃ¤ren.
1485487278378135554	convl0	2022-01-24 05:39:00+00:00	Twitter for Android	None	None	None	0	Gute Frage! ğŸ¤” #imzentrum https://t.co/2OTY9iXGLH
1485485575624876032	speis_oo	2022-01-24 05:32:14+00:00	Twitter for Android	None	None	None	0	RT @tschinderle: Das waren noch Zeiten. #imzentrum https://t.co/KfRKHlDaqr
1485484755856629762	Max62153089	2022-01-24 05:28:59+00:00	Twitter for iPhone	None	None	None	0	RT @DerMaerzAT: #Kern will mit den Russen reden und keine Sanktionsdrohungen, nachdem die Russen mit 100.000 Mann an der Grenze stehen undâ€¦
1485483320515481600	AlfredSchrittw1	2022-01-24 05:23:17+00:00	Twitter for Android	None	None	None	0	RT @reisinscha: ich schau heute tatsÃ¤chlich #imzentrum und muss fast ein TrÃ¤nchen zerdrÃ¼cken, wenn ich @KernChri zuhÃ¶re. er hÃ¤tte uns nie iâ€¦
1485482240658358275	Max62153089	2022-01-24 05:18:59+00:00	Twitter for iPhone	None	None	None	0	RT @AcadTravel1: #imzentrum Beeindruckt von der Genese des Christian Kern vom ursprÃ¼nglich einfachen, in diverse Positionen hineingehievtenâ€¦
1485480408171040770	Germ_an_gst	2022-01-24 05:11:42+00:00	Twitter for iPad	None	None	None	0	RT @ORFImZentrum: ğŸ’¬â€Milde VerlÃ¤ufe nutzen nichts gegen Long Covidâ€œ Neurologe @neurostingl betont die Langzeitfolgen, die auch asymptomatisâ€¦
1485478642654355457	ChristaWeiland1	2022-01-24 05:04:41+00:00	Twitter Web App	None	None	None	0	RT @HMKnapp: ORF ist besessen. In einem Monat Ã¼ber 50 "Johnson"-Artikel. Warum diese Propagandakampagne? Sind wir im Krieg mit GroÃŸbritannâ€¦
1485472610121043973	ChristaWeiland1	2022-01-24 04:40:43+00:00	Twitter Web App	None	None	None	0	RT @DerMaerzAT: #Kern will mit den Russen reden und keine Sanktionsdrohungen, nachdem die Russen mit 100.000 Mann an der Grenze stehen undâ€¦
1485472214124277760	ChristaWeiland1	2022-01-24 04:39:09+00:00	Twitter Web App	None	None	None	0	RT @DerMaerzAT: Kern will das "alle" die "Rhetorik runterfahren" #imzentrum BlÃ¶d das die eine Seite mit 100.000 Mann an der Grenze steht uâ€¦
1485471534542209026	ChristaWeiland1	2022-01-24 04:36:27+00:00	Twitter Web App	None	None	None	0	RT @AcadTravel1: #imzentrum Beeindruckt von der Genese des Christian Kern vom ursprÃ¼nglich einfachen, in diverse Positionen hineingehievtenâ€¦
1485469605850144772	KainenPlan	2022-01-24 04:28:47+00:00	Twitter for Android	None	None	None	0	RT @chri_gru: Eine starke EU ğŸ‡ªğŸ‡º ist besser als Dutzende schwache Nationalstaaten. Ich hoffe, das wird jetzt durch diese Russlandsache und dâ€¦
1485464587940298752	prateek03387700	2022-01-24 04:08:51+00:00	Twitter for iPhone	None	None	None	0	RT @KatiSchneeberg1: Vollkommen richtig Josef Joffe, der Westen hat keine Bringschuld. Es geht nicht darum zu fragen, was wir einem Aggressâ€¦
1485458482333913093	sudeepkhatri	2022-01-24 03:44:35+00:00	Twitter for Android	None	None	None	0	RT @KatiSchneeberg1: Vollkommen richtig Josef Joffe, der Westen hat keine Bringschuld. Es geht nicht darum zu fragen, was wir einem Aggressâ€¦
1485457536803393542	BLalilu	2022-01-24 03:40:49+00:00	Twitter Web App	None	None	None	0	Welcome to the new off-road SUV driving simulator &amp; jeep driving game. ğŸ‘‰ğŸ‘‰ https://t.co/vTulcZZlLc A great knock for off-road jeep parking lovers. #NFLPlayoffs #imzentrum #Brussels #UFC270 #ranNFLsuechtig https://t.co/0O8vk41elk
1485450881042628610	KnutOgris	2022-01-24 03:14:23+00:00	Twitter for Android	None	None	None	0	RT @3lite: #Plassnik #imzentrum sinngemÃ¤ÃŸ: "Die StÃ¤rke Europas war immer der Gewaltverzicht". SEHR selektives "immer".
1485447543077195777	ESchaflechner	2022-01-24 03:01:07+00:00	Twitter for iPhone	None	None	None	0	RT @pablodiabolo: Kern: â€Eine gute Verbindung zur USA liegt in unseren Genen.â€œ Davon war 1939-45 nicht viel zu sehen. Da lag was anderes â€â€¦
