1470209562418548741	ESchaflechner	2021-12-13 01:50:49+00:00	Twitter for iPhone	None	None	None	0	RT @SolautSonja: "Experten" sind erst durch diese Diskussion #imzentrum draufgekommen, dass das Thema Arbeitsplatz ein Hebel sein k√∂nnte? D‚Ä¶
1470207857274593280	KnutOgris	2021-12-13 01:44:02+00:00	Twitter for Android	None	None	None	0	RT @SolautSonja: "Experten" sind erst durch diese Diskussion #imzentrum draufgekommen, dass das Thema Arbeitsplatz ein Hebel sein k√∂nnte? D‚Ä¶
1470206040205574149	HelgaDeschmann	2021-12-13 01:36:49+00:00	Twitter Web App	None	None	None	0	RT @Unghvary: Was f√ºr ein anderes, angenehmes Gespr√§chsklima heute #imzentrum zum Thema #Impfpflicht.
1470205874404790276	HelgaDeschmann	2021-12-13 01:36:10+00:00	Twitter Web App	None	None	None	0	RT @RBauchinger: Bestes #imzentrum meines Lebens.
1470203877014261763	KnutOgris	2021-12-13 01:28:14+00:00	Twitter for Android	None	None	None	0	RT @KernNiko: Psychische Probleme gelten als Ausschlussgrund f√ºr eine Impfung? L√§cherlich... #ImZentrum
1470200462750142465	SherlockH85	2021-12-13 01:14:39+00:00	Twitter for iPhone	None	None	None	0	RT @S_Beck19: Seltsames #imzentrum. Expertinnen √§u√üern ihre Bedenken gegen√ºber einer Impfpflicht, nennen aber keine Alternative mit Ausnah‚Ä¶
1470193646192537605	coronareise_at	2021-12-13 00:47:34+00:00	Twitter Web App	None	None	None	0	RT @art18bvg: Das hier halte ich f√ºr eine sehr bemerkenswerte Szene #imzentrum. Die oberste Beamtin in Pandemiefragen eines gr√ºnen Minister‚Ä¶
1470190680203055110	baba_jula	2021-12-13 00:35:47+00:00	Twitter Web App	None	None	None	0	RT @__ungeimpft__: #imzentrum Wer die Pockenimpfung mit den Dauerimpfungen gegen Covid, die niemanden vor Infektion sch√ºtzen vergleicht, ha‚Ä¶
1470190596195291139	baba_jula	2021-12-13 00:35:27+00:00	Twitter Web App	None	None	None	0	RT @SolautSonja: Wenn man den Experten #imzentrum zuh√∂rt, glaubt man kaum, dass wir im 22. Monat (!) der Pandemie sind. Unfassbar, was bish‚Ä¶
1470189522415755265	art18bvg	2021-12-13 00:31:11+00:00	Twitter for Android	None	None	None	4	Das hier halte ich f√ºr eine sehr bemerkenswerte Szene #imzentrum. Die oberste Beamtin in Pandemiefragen eines gr√ºnen Ministers erz√§hlt aus den internen Sitzungen. Das ist selten. Sie ist offensichtlich wirklich verbl√ºfft, dass #Nehammer wirklich die Dinge verstehen willüëá#Thread https://t.co/GGLe2F8F40
1470185605070004232	POberlaender1	2021-12-13 00:15:37+00:00	Twitter for Android	None	None	None	0	RT @SolautSonja: Wenn man den Experten #imzentrum zuh√∂rt, glaubt man kaum, dass wir im 22. Monat (!) der Pandemie sind. Unfassbar, was bish‚Ä¶
1470176955156860928	art18bvg	2021-12-12 23:41:15+00:00	Twitter for Android	None	None	None	0	Ich will bitte auch mit #Filzi K√ºbelsaufen...ü§∑‚Äç‚ôÇÔ∏è #imzentrum
1470176513421107204	kateg_Imperativ	2021-12-12 23:39:30+00:00	Twitter for iPhone	1470132411065421836	221508795	florianklenk	0	@florianklenk Vielleicht weil der -zu fr√ºh gegeben- das Immunsystem sogar verschlechtern k√∂nnte. Heute #imZentrum
1470173026100592641	Stefan68085767	2021-12-12 23:25:38+00:00	Twitter for iPhone	None	None	None	0	RT @SolautSonja: "Experten" sind erst durch diese Diskussion #imzentrum draufgekommen, dass das Thema Arbeitsplatz ein Hebel sein k√∂nnte? D‚Ä¶
1470172873738567680	jfohringer	2021-12-12 23:25:02+00:00	Twitter Web App	None	None	None	0	RT @SolautSonja: Wenn man den Experten #imzentrum zuh√∂rt, glaubt man kaum, dass wir im 22. Monat (!) der Pandemie sind. Unfassbar, was bish‚Ä¶
1470172485677162503	kateg_Imperativ	2021-12-12 23:23:29+00:00	Twitter for iPhone	None	None	None	2	Sehr konstruktive Diskussion #imzentrum. Es kam sogar zur Verabredung nachfolgender Zusammenarbeit. Auch Fr #Reich trat ganz anders auf als bei ihrem 1. Fernsehauftritt. Ob‚Äôs daran lag, dass keine Alpham√§nnchen st√∂rten? √ú
1470168996435709960	mpopp75	2021-12-12 23:09:37+00:00	Twitter Web App	None	None	None	0	RT @WalterWeiland: Meiner Ansicht nach ist der ‚ÄûAbhol-Zug‚Äú f√ºr Impfgegner abgefahren. Haben die Damen und Herren, die ‚ÄûBeratungsgespr√§che‚Äú‚Ä¶
1470168463553572866	PadlewskiR	2021-12-12 23:07:30+00:00	Twitter for Android	None	None	None	0	RT @cybersyb1210: Schade, dass keine Expert:innen der @Arbeiterkammer bei #imzentrum dabei ist. Die haben nicht nur mit #gehbitte die bisla‚Ä¶
1470167164711747593	ruslandzhebr	2021-12-12 23:02:21+00:00	Twitter Web App	None	None	None	0	RT @SolautSonja: "Experten" sind erst durch diese Diskussion #imzentrum draufgekommen, dass das Thema Arbeitsplatz ein Hebel sein k√∂nnte? D‚Ä¶
1470166681834119169	Sociopathblog	2021-12-12 23:00:25+00:00	Twitter Web App	1470159093012783108	1016711932097847298	salzgurkerl	0	@salzgurkerl #Filzi: Der Kommentator der Herzen. #imzentrum
1470166661693120512	geringr	2021-12-12 23:00:21+00:00	Twitter for iPhone	None	None	None	0	RT @lightyear2000: Es gibt kaum eine andere Technologie in der Geschichte der Menschheit, die so viele Menschenleben gerettet hat wie die I‚Ä¶
1470166564729143304	BogicRobert	2021-12-12 22:59:58+00:00	Twitter for iPhone	None	None	None	0	RT @hannestschuertz: Kein politischer Vertreter und mehr Frauen #imzentrum und pl√∂tzlich ist es eine Diskussionssendung. Komisch, g√∂?
1470166329130983427	art18bvg	2021-12-12 22:59:01+00:00	Twitter for Android	1470161856719380486	1006248139664314368	MaxlWerner	0	@MaxlWerner Ironie oder echt jetzt? Weil in letzter Zeit waren die #imzentrum Sendungen eher unterirdisch. Und es tut nir weh das sagen zu m√ºssen. I wollt grad abdrehen beim Nachschauen. Lohnt sich?
1470166180077973515	Sociopathblog	2021-12-12 22:58:26+00:00	Twitter Web App	None	None	None	0	.@BPrainsack hat das S-Wort gesagt. #Impfpflicht als #Symbolpolitik. Das ist leider wahr und spricht dagegen. #imzentrum
1470166131554070533	EduardWesener	2021-12-12 22:58:14+00:00	Twitter Web App	None	None	None	0	RT @arminthurnher: Gendertriumph bei #imzentrum: Luter Wiber* au√üer Filzmaier * (alemannisch = lauter Frauen).
1470166014260301832	Mhs_ThatFace	2021-12-12 22:57:46+00:00	Twitter for iPhone	None	None	None	0	RT @hannestschuertz: Kein politischer Vertreter und mehr Frauen #imzentrum und pl√∂tzlich ist es eine Diskussionssendung. Komisch, g√∂?
1470165659980120068	mitt_em	2021-12-12 22:56:22+00:00	Twitter Web App	None	None	None	0	Peter Filzmaier einziger stabiler cis mann in meinem leben. #imzentrum #ORF #zibspezial
1470165623711875074	KorneliaHei	2021-12-12 22:56:13+00:00	Twitter for Android	None	None	None	0	Oder Impfen an der Tankstelle, in √ñffis, "der Arzt ihres Vertrauens f√§hrt mit" - siehe NY (glaub es war in NY) vor UBahn Eing√§ngen auf dem Weg in die Arbeit #imzentrum. Bez Impfangeboten gibts sicher noch etwas Luft nach oben.
1470165294261940226	Mhs_ThatFace	2021-12-12 22:54:55+00:00	Twitter for iPhone	None	None	None	0	RT @wolframtanzt: Anstelle in den Medien √ºber prominente #Impfgegner zu berichten k√∂nnte man genauso viel mehr Prominente einladen, die f√ºr‚Ä¶
1470164448665083909	EvedeVienne	2021-12-12 22:51:33+00:00	Twitter for iPad	None	None	None	0	RT @__ungeimpft__: #imzentrum Wer die Pockenimpfung mit den Dauerimpfungen gegen Covid, die niemanden vor Infektion sch√ºtzen vergleicht, ha‚Ä¶
1470164274521595904	jfohringer	2021-12-12 22:50:52+00:00	Twitter Web App	None	None	None	0	RT @DanielaHaarmann: Super, die Chief Medical Officer verk√ºndet grad, dass man Mitten in der Delta-Welle und kurz vor der Omikron-Welle ers‚Ä¶
1470164127985319938	jfohringer	2021-12-12 22:50:17+00:00	Twitter Web App	None	None	None	0	RT @wolframtanzt: Anstelle in den Medien √ºber prominente #Impfgegner zu berichten k√∂nnte man genauso viel mehr Prominente einladen, die f√ºr‚Ä¶
1470164064605286405	creation_2011	2021-12-12 22:50:01+00:00	Twitter for iPhone	None	None	None	0	RT @SolautSonja: Wenn man den Experten #imzentrum zuh√∂rt, glaubt man kaum, dass wir im 22. Monat (!) der Pandemie sind. Unfassbar, was bish‚Ä¶
1470163874288746496	goepfi47	2021-12-12 22:49:16+00:00	Twitter Web App	None	None	None	0	Ich bin ein Lernender wie Nehammer. Es gibt eine allgemeine Impfpflicht und eine √∂sterreichische. #imzentrum
1470163846258167810	ZyJuL	2021-12-12 22:49:09+00:00	Twitter Web App	None	None	None	0	RT @cybersyb1210: Schade, dass keine Expert:innen der @Arbeiterkammer bei #imzentrum dabei ist. Die haben nicht nur mit #gehbitte die bisla‚Ä¶
1470163769351413768	garbage_citizen	2021-12-12 22:48:51+00:00	Twitter for Android	None	None	None	0	RT @SolautSonja: "Experten" sind erst durch diese Diskussion #imzentrum draufgekommen, dass das Thema Arbeitsplatz ein Hebel sein k√∂nnte? D‚Ä¶
1470163587582803968	KorneliaHei	2021-12-12 22:48:08+00:00	Twitter for Android	None	None	None	0	Wie w√§rs gro√ü angelegte Abendsendungen mit ausgiebigen Impflotterien zu pimpen? Auch nur so eine Idee #imzentrum
1470163243964538886	grafkaroly	2021-12-12 22:46:46+00:00	Twitter Web App	None	None	None	0	RT @RBauchinger: Bestes #imzentrum meines Lebens.
1470163211605483528	grafkaroly	2021-12-12 22:46:38+00:00	Twitter Web App	None	None	None	0	RT @MaxlWerner: Dieses #ImZentrum war super.
1470163197684588548	shams121	2021-12-12 22:46:35+00:00	Twitter for Android	1470156599977254920	89626463	lightyear2000	0	@lightyear2000 @reiterec Bin absolut Ihrer Meinung aber die DidkutantInen sind vorrangig skeptisch dass kommender Impfpflicht richtig ist oder die gew√ºnschte % bringen. Dieses #imzentrum hat die Verzweifler nicht gewonnen. Jede Minute nutzen die Notwendigkeit der Impfung zu betonen/begr√ºnden.
1470163168487956491	365Janos	2021-12-12 22:46:28+00:00	Tweetbot for Mac	None	None	None	0	RT @FarSight3: Unterst√ºtzungserkl√§rung gegen Impfpflicht in √ñsterreich! "Ich lehne eine gesetzliche Verpflichtung zur Covid19-Impfung kate‚Ä¶
1470162984362299392	SolautSonja	2021-12-12 22:45:44+00:00	Twitter Web App	None	None	None	0	RT @fhorntweets: Besonders abstrus finde ich Formulierungen: "Vielleicht pack mas doch noch bevor die Impfpflicht kommt" #ImZentrum Wen sol‚Ä¶
1470162908042645505	shams121	2021-12-12 22:45:26+00:00	Twitter for Android	1470157124198096898	280168714	Gottfried55	0	@Gottfried55 @reiterec Bin absolut Ihrer Meinung aber die DidkutantInen sind vorrangig skeptisch dass kommender Impfpflicht richtig ist oder die gew√ºnschte % bringen. Dieses #imzentrum hat die Verzweifelte nicht gewonnen. Jede Minute nutzen die Notwendigkeit der Impfung zu betonen/begr√ºnden.
1470162721886945280	SlowFox71	2021-12-12 22:44:41+00:00	Twitter Web App	1470161785097539593	1365393118460280840	EscLindon	0	@EscLindon Geht mir genauso. An der Herausforderung gewachsen, w√ºrde ich sagen. #ImZentrum
1470162624784613378	def_izit	2021-12-12 22:44:18+00:00	Twitter Web App	None	None	None	0	RT @ivo815: Was spricht eigentlich gegen die allgemeine #Impfpflicht, welche in Kombination mit Beratungen, Belohnungssystem und anderen Ma‚Ä¶
1470162615452286980	Rubberinchen	2021-12-12 22:44:16+00:00	TweetDeck	None	None	None	1	Mich lassen solche (exzellenten) Diskussionen immer noch fassungslos zur√ºck. Wir haben eine Pandemie, es sterben Millionen Leut, noch viel mehr sind monatelang krank. Und die Leut gehen einfach net impfen. Ich werde das nie verstehen. Never ever. #imzentrum
1470162537245257736	BernieHoefler	2021-12-12 22:43:57+00:00	Twitter for Android	None	None	None	0	RT @fhorntweets: Besonders abstrus finde ich Formulierungen: "Vielleicht pack mas doch noch bevor die Impfpflicht kommt" #ImZentrum Wen sol‚Ä¶
1470162353027231749	ORFImZentrum	2021-12-12 22:43:13+00:00	Twitter for iPhone	None	None	None	0	RT @RBauchinger: Bestes #imzentrum meines Lebens.
1470162347268485129	ORFImZentrum	2021-12-12 22:43:12+00:00	Twitter for iPhone	None	None	None	0	RT @Unghvary: Was f√ºr ein anderes, angenehmes Gespr√§chsklima heute #imzentrum zum Thema #Impfpflicht.
1470162331397206021	AlexanderPolli6	2021-12-12 22:43:08+00:00	Twitter for Android	None	None	None	0	RT @SolautSonja: "Experten" sind erst durch diese Diskussion #imzentrum draufgekommen, dass das Thema Arbeitsplatz ein Hebel sein k√∂nnte? D‚Ä¶
1470162275814236167	ORFImZentrum	2021-12-12 22:42:55+00:00	Twitter for iPhone	None	None	None	0	RT @MaxlWerner: Dieses #ImZentrum war super.
1470162034616635396	SusanneDrothler	2021-12-12 22:41:57+00:00	Twitter for iPad	None	None	None	0	RT @SolautSonja: Wenn man den Experten #imzentrum zuh√∂rt, glaubt man kaum, dass wir im 22. Monat (!) der Pandemie sind. Unfassbar, was bish‚Ä¶
1470161956262797323	strankale77	2021-12-12 22:41:39+00:00	Twitter for Android	None	None	None	0	RT @fhorntweets: Besonders abstrus finde ich Formulierungen: "Vielleicht pack mas doch noch bevor die Impfpflicht kommt" #ImZentrum Wen sol‚Ä¶
1470161873475616771	netmyller	2021-12-12 22:41:19+00:00	Twitter Web App	None	None	None	0	RT @JonasVasak: Insgesamt war es sehr angenehm, einmal ein #ImZentrum zu sehen, das mit Experten und nicht ausschlie√ülich nach Proporz mit‚Ä¶
1470161856719380486	MaxlWerner	2021-12-12 22:41:15+00:00	Twitter Web App	None	None	None	3	Dieses #ImZentrum war super.
1470161785097539593	EscLindon	2021-12-12 22:40:58+00:00	Twitter for Android	None	None	None	0	#imzentrum Meine Meinung von #Reich muss ich √§ndern. Als sie ernannt wurde fand ich sie verheerend beim ersten Interview. Aber heute z. B. war sie brillant.
1470161708190683140	YveBiskupska	2021-12-12 22:40:40+00:00	Twitter for Android	None	None	None	0	RT @SolautSonja: Wenn man den Experten #imzentrum zuh√∂rt, glaubt man kaum, dass wir im 22. Monat (!) der Pandemie sind. Unfassbar, was bish‚Ä¶
1470161694513106944	dieperle1	2021-12-12 22:40:36+00:00	Twitter for iPad	None	None	None	0	RT @SolautSonja: Wenn man den Experten #imzentrum zuh√∂rt, glaubt man kaum, dass wir im 22. Monat (!) der Pandemie sind. Unfassbar, was bish‚Ä¶
1470161677782028291	JonasVasak	2021-12-12 22:40:32+00:00	Twitter Web App	None	None	None	1	Insgesamt war es sehr angenehm, einmal ein #ImZentrum zu sehen, das mit Experten und nicht ausschlie√ülich nach Proporz mit Politikern besetzt ist. Wenn sich das durchsetzt, w√ºrde ich die Sendung wohl √∂fter schauen. #ORF2
1470161643590012929	Julia8La	2021-12-12 22:40:24+00:00	Twitter Web App	None	None	None	0	RT @hannestschuertz: Kein politischer Vertreter und mehr Frauen #imzentrum und pl√∂tzlich ist es eine Diskussionssendung. Komisch, g√∂?
1470161596475490310	ivo815	2021-12-12 22:40:13+00:00	Twitter for iPhone	None	None	None	1	Was spricht eigentlich gegen die allgemeine #Impfpflicht, welche in Kombination mit Beratungen, Belohnungssystem und anderen Ma√ünahmen einhergeht? #imZentrum
1470161591807225862	fhorntweets	2021-12-12 22:40:12+00:00	Twitter Web App	None	None	None	4	Besonders abstrus finde ich Formulierungen: "Vielleicht pack mas doch noch bevor die Impfpflicht kommt" #ImZentrum Wen soll das ansprechen? Die die drohen sich selbst bei der Impfpflicht nicht impfen zu lassen? Das relativiert doch nur. Impfpflicht ist keine angedrohte Strafe.
1470161558902824961	DanielaHaarmann	2021-12-12 22:40:04+00:00	Twitter Web App	None	None	None	1	Super, die Chief Medical Officer verk√ºndet grad, dass man Mitten in der Delta-Welle und kurz vor der Omikron-Welle erstmal drei Tage frei macht im Gesundheitsministerium weil Weihnachten. Joa eh... Das Virus wird sicher a die Weihnachtsruhe einhalten. Wie letztes Jahr! #ImZentrum
1470161552691146759	TrendingDLand	2021-12-12 22:40:03+00:00	Top Trending Topics Deutschland	None	None	None	0	imzentrum ist nr.7 trending hashtag in DE in letzten 2 Stunden. https://t.co/tfona6K8Bz #imzentrum
1470161538459873281	HubertaWeigl	2021-12-12 22:39:59+00:00	Twitter for iPhone	None	None	None	0	RT @ehwagner: Wirklich gute Diskussion heute #ImZentrum - es herrscht Einigkeit √ºber wissenschaftliche Fakten (man beruft sich auf das NIG,‚Ä¶
1470161496294318080	HubertaWeigl	2021-12-12 22:39:49+00:00	Twitter for iPhone	None	None	None	0	RT @gertikovski: √ñstrogen bester Katalysator f√ºr gute Diskussionen #imzentrum
1470161483568979972	HubertaWeigl	2021-12-12 22:39:46+00:00	Twitter for iPhone	None	None	None	0	RT @DorisHelmberger: Erfreulich kluges, konstruktives, weibliches #imzentrum.
1470161418834128897	uebersleben	2021-12-12 22:39:31+00:00	Twitter for iPhone	None	None	None	0	F√ºr‚Äòs 140.x abholen, gut zureden, umarmen &amp; co haben wir leider nicht die Zeit. Klingt ja alles sch√∂n und harmonisch, aber tlw etwas realit√§tsfern. #imzentrum
1470161358176112640	suk_kus67	2021-12-12 22:39:16+00:00	Twitter for iPhone	1470159543824965632	3595540635	franz_renner	0	@franz_renner @barbaratoth @ORFImZentrum @reiterec @MattSchmelzer So eine angenehm konstruktive, respektvolle, interessante diskussion #frauenpower #imzentrum #impfpflicht
1470161330585972741	RBauchinger	2021-12-12 22:39:10+00:00	Twitter for Android	None	None	None	3	Bestes #imzentrum meines Lebens.
1470161297488719880	HelgaDeschmann	2021-12-12 22:39:02+00:00	Twitter for iPhone	None	None	None	0	RT @DorisHelmberger: Erfreulich kluges, konstruktives, weibliches #imzentrum.
1470161291578855427	lightyear2000	2021-12-12 22:39:00+00:00	Twitter for Android	None	None	None	0	Mehr Frauen und weniger Politiker*innen einladen und #imzentrum ist pl√∂tzlich eine ansehnliche und seri√∂se Sendung.
1470161219562659840	Unghvary	2021-12-12 22:38:43+00:00	Twitter for iPhone	None	None	None	2	Was f√ºr ein anderes, angenehmes Gespr√§chsklima heute #imzentrum zum Thema #Impfpflicht.
1470161195026034688	MP73456911	2021-12-12 22:38:37+00:00	Twitter Web App	1470132611754385420	1192686992	ORF	0	@ORF @ORFImZentrum @reiterec @PeterFilzmaier Best "im Zentrum" ever! #imZentrum
1470161190504574983	wolframtanzt	2021-12-12 22:38:36+00:00	Twitter Web App	None	None	None	4	Anstelle in den Medien √ºber prominente #Impfgegner zu berichten k√∂nnte man genauso viel mehr Prominente einladen, die f√ºr die Impfung eintreten. #imzentrum
1470161167150628868	tofutti123	2021-12-12 22:38:31+00:00	Twitter Web App	None	None	None	0	RT @SolautSonja: "Experten" sind erst durch diese Diskussion #imzentrum draufgekommen, dass das Thema Arbeitsplatz ein Hebel sein k√∂nnte? D‚Ä¶
1470161141133455364	gemprech	2021-12-12 22:38:24+00:00	Twitter for iPad	None	None	None	0	Vermutlich die angenehmste #imZentrum Sendung an die ich mich erinnern kann. Fakten- und wissenschaftsbasierte Diskussion, keine gegenseitigen Unterbrechungen. Die Erfolgsformel lautet offenbar nur Frauen (+ Filzmaier ;)) und keine Politiker*innen.
1470161105918038023	SolautSonja	2021-12-12 22:38:16+00:00	Twitter Web App	None	None	None	23	Wenn man den Experten #imzentrum zuh√∂rt, glaubt man kaum, dass wir im 22. Monat (!) der Pandemie sind. Unfassbar, was bisher alles NICHT gemacht wurde. Wie kann man annehmen, dass dieselben Versager, die bisher NICHTS getan haben, pl√∂tzlich wissen, was zu tun ist?
1470161100486414341	perlevilma	2021-12-12 22:38:15+00:00	Twitter for Android	None	None	None	0	Heute gibt es #ImZentrum nix zu kritisieren!
1470161096946376712	GeriDallst	2021-12-12 22:38:14+00:00	Twitter Web App	None	None	None	0	Dass die Frau Reich Generaldirektorin f√ºr die √ñffentliche Gesundheit im Gesundheitsministerium ist und damit auf einem der h√∂chsten Dienstposten sitzt beeindruckt mich immer wieder. Und das in diesem Alter... #imzentrum
1470161086758465536	gertikovski	2021-12-12 22:38:12+00:00	Twitter for iPhone	None	None	None	1	√ñstrogen bester Katalysator f√ºr gute Diskussionen #imzentrum
1470161066936217604	grafkaroly	2021-12-12 22:38:07+00:00	Twitter Web App	None	None	None	0	RT @ehwagner: Wirklich gute Diskussion heute #ImZentrum - es herrscht Einigkeit √ºber wissenschaftliche Fakten (man beruft sich auf das NIG,‚Ä¶
1470161033100673024	cryptorobby_	2021-12-12 22:37:59+00:00	Twitter for iPhone	None	None	None	0	Bitte immer nur mehr Frauen @ORF #imzentrum üòákonstruktive Diskussion und Verst√§ndnis f√ºr Standpunkte. Weiter so! https://t.co/eKZVSub3ky
1470160999907045376	schuellie	2021-12-12 22:37:51+00:00	Twitter Web App	None	None	None	0	1. Aufkl√§rung 2. L√ºcken ausleuchten 3. viele Kan√§le bespielen 4. und Wiederholung, Wiederholung, Wiederholung h√§tte schon l√§ngst passieren k√∂nnen. #imzentrum
1470160966730096656	grafkaroly	2021-12-12 22:37:43+00:00	Twitter Web App	None	None	None	0	RT @DorisHelmberger: Erfreulich kluges, konstruktives, weibliches #imzentrum.
1470160964955824132	bounty_cortez	2021-12-12 22:37:42+00:00	Twitter for iPhone	None	None	None	0	Ich schlag vor, diese Runde bei #imzentrum trifft sich weiterhin regelm√§ssig, zieht weitere Experten hinzu und managed die Pandemie in den n√§chsten Monaten.
1470160937701318665	coronareise_at	2021-12-12 22:37:36+00:00	Twitter Web App	1470160087473917964	3239079219	schrodt_heidi	0	@schrodt_heidi @franz_renner @ORFImZentrum @reiterec @MattSchmelzer Muss im Kalender dick rot angestrichen werden, dass es sich um eine fast-nur-Frauenrunde handelt. Ebenso, dass Expertinnenrunde. #imzentrum
1470160804766965761	Werbeblocker201	2021-12-12 22:37:04+00:00	Twitter for Android	None	None	None	0	#imzentrum Fazit dieser Sendung, die Frau Generalsekret√§rin kostet nur und bringt nichts.
1470160766372302854	wolframtanzt	2021-12-12 22:36:55+00:00	Twitter Web App	None	None	None	0	Das mit der √úberzeugungsarbeit durch Vorgesetzte ist halt auch nicht √ºberall m√∂glich. Mein Chef ist #Impfgegner und ungeimpft. Und es gibt viele Haus√§rzte, die es auch sind. #imzentrum
1470160744377372672	CatarinaHandler	2021-12-12 22:36:50+00:00	Twitter for Android	None	None	None	0	"Haben wir noch L√ºcken die nicht beleuchtet sind?" √ñsterreich: üåö #ImZentrum
1470160687469051906	sbudnjo	2021-12-12 22:36:36+00:00	Twitter for iPhone	None	None	None	0	Kann man die Leute wirklich zu einer Impfung ‚Äûberaten‚Äú? Also jene, die demonstrieren und sich am H√§usl mit Hilfe von #tiktok ihre Meinung bilden.. Bin da echt skeptischer, als so manche in der Runde #imzentrum
1470160678849765376	def_izit	2021-12-12 22:36:34+00:00	Twitter Web App	None	None	None	0	RT @S_Beck19: Der Arbeitsplatz wurde in der Pandemie bisher noch nicht als erheblicher Regelungsbereich erkannt? Echt jetzt??? Die Diskus‚Ä¶
1470160596213682179	KorneliaHei	2021-12-12 22:36:15+00:00	Twitter for Android	None	None	None	0	Wann gibts die Impfpr√§mie, w√§r total daf√ºr, k√∂nnt ich grad gut brauchen, Weihnachten und so.. üòÄüòÄüòÄ #imzentrum
1470160589846728705	netmyller	2021-12-12 22:36:13+00:00	Twitter Web App	None	None	None	0	Barbara Prainsack "das vertrauen kommt im schritttempo, und verl√§sst uns im galopp" #ImZentrum
1470160540932706309	Markus_Roser	2021-12-12 22:36:01+00:00	Twitter for Android	None	None	None	0	RT @DorisHelmberger: Erfreulich kluges, konstruktives, weibliches #imzentrum.
1470160426273062917	RaffiReithofer	2021-12-12 22:35:34+00:00	Twitter Web App	None	None	None	0	Bei #imzentrum diskutieren heute 5 Frauen und ein Mann. Und die Debatte ist deutlich konstruktiver als sonst oft.
1470160396405428228	kurtobermuelner	2021-12-12 22:35:27+00:00	Twitter for iPhone	None	None	None	0	Kann man bitte diese Runde fix f√ºr alle zuk√ºnftigen Themen verpflichten?! #imzentrum
1470160290394345475	gertikovski	2021-12-12 22:35:02+00:00	Twitter for iPhone	None	None	None	0	wie ruhig und wertsch√§tzend ist die Diskussion #imzentrum gerade? üíÜüèΩ‚Äç‚ôÄÔ∏èhat fast schon Wellness-Charakter
1470160286002909189	ORFImZentrum	2021-12-12 22:35:01+00:00	Twitter for iPhone	None	None	None	0	RT @DorisHelmberger: Erfreulich kluges, konstruktives, weibliches #imzentrum.
1470160278247677957	margaritagrrrl	2021-12-12 22:34:59+00:00	Twitter for iPhone	None	None	None	0	RT @hannestschuertz: Kein politischer Vertreter und mehr Frauen #imzentrum und pl√∂tzlich ist es eine Diskussionssendung. Komisch, g√∂?
1470160242109526016	def_izit	2021-12-12 22:34:50+00:00	Twitter Web App	None	None	None	0	RT @hannestschuertz: Kein politischer Vertreter und mehr Frauen #imzentrum und pl√∂tzlich ist es eine Diskussionssendung. Komisch, g√∂?
1470160183179501574	ORFImZentrum	2021-12-12 22:34:36+00:00	Twitter for iPhone	None	None	None	0	RT @ehwagner: Wirklich gute Diskussion heute #ImZentrum - es herrscht Einigkeit √ºber wissenschaftliche Fakten (man beruft sich auf das NIG,‚Ä¶
1470160168218468355	def_izit	2021-12-12 22:34:33+00:00	Twitter Web App	None	None	None	0	RT @ehwagner: Nur Frauen plus @PeterFilzmaier scheint ein Erfolgsrezept zu sein! Selten so eine konstruktive Diskussion gesehen. Sollte man‚Ä¶
1470160003759759360	ehwagner	2021-12-12 22:33:53+00:00	Twitter for iPhone	1470159220586782723	1951304617	ehwagner	2	Nur Frauen plus @PeterFilzmaier scheint ein Erfolgsrezept zu sein! Selten so eine konstruktive Diskussion gesehen. Sollte man √∂fter machen! :) #imzentrum
1470159948143280128	DennisBeck_w	2021-12-12 22:33:40+00:00	Twitter for iPad	1470159587647139842	24579254	heinzkollmann	0	@heinzkollmann @Claus_Pandi Die pers√∂nliche Beratungspflicht scheint ihre einzige Agenda zu sein. #imZentrum
1470159922675519498	KorneliaHei	2021-12-12 22:33:34+00:00	Twitter for Android	None	None	None	0	Beratung bei einem Arzt, der Impfgegner ist #imzentrum
1470159914723164166	Kersi2112	2021-12-12 22:33:32+00:00	Twitter for iPad	None	None	None	0	Filzi ‚ù§Ô∏èKoennt im stundenlang zuhoeren.üëåüèªüòç #imzentrum
1470159850550308868	hannestschuertz	2021-12-12 22:33:17+00:00	TweetDeck	None	None	None	7	Kein politischer Vertreter und mehr Frauen #imzentrum und pl√∂tzlich ist es eine Diskussionssendung. Komisch, g√∂?
1470159796007493644	BernieHoefler	2021-12-12 22:33:04+00:00	Twitter for Android	None	None	None	0	RT @WolfgangPanhoel: #Impfpflicht und #Arbeitsverbot sind verschiedene Dinge, wer sich nicht impfen l√§sst, dem droht eine Verwaltungsstrafe‚Ä¶
1470159774604009475	DerVereinfacher	2021-12-12 22:32:59+00:00	Twitter for iPhone	None	None	None	0	So wie heute kann man sich #imzentrum ansehen und man hat das Gef√ºhl, dass etwas Kontruktives dabei erreicht wurde bzw. im Nachgang noch erreicht wird.
1470159665573117964	FarSight3	2021-12-12 22:32:33+00:00	Twitter for Android	None	None	None	2	Unterst√ºtzungserkl√§rung gegen Impfpflicht in √ñsterreich! "Ich lehne eine gesetzliche Verpflichtung zur Covid19-Impfung kategorisch in jeder Form ab und m√∂chte dies wie folgt begr√ºnden: .." #ImZentrum https://t.co/bd7ou3A8VT https://t.co/pMN3VsHWbo
1470159584107057160	maastermatti	2021-12-12 22:32:13+00:00	Twitter for Android	None	None	None	0	Man nehme diese Zahl mal 10 000 und hat die Zahl an Corona-Demonstranten. #imzentrum https://t.co/4TnH2CNmJl
1470159546404458497	DianaWeidlinger	2021-12-12 22:32:04+00:00	Twitter for iPhone	None	None	None	0	RT @ehwagner: Wirklich gute Diskussion heute #ImZentrum - es herrscht Einigkeit √ºber wissenschaftliche Fakten (man beruft sich auf das NIG,‚Ä¶
1470159409603088386	quotenjugobraut	2021-12-12 22:31:32+00:00	Twitter for iPhone	None	None	None	0	Bin v√∂llig fertig. Eine Diskussionsrunde mit nur einem Mann unter lauter Frauen‚Ä¶und der Mann ist nicht der #Khol Das ist nicht mehr mein ORF! #imzentrum
1470159326375522321	Elli31423579	2021-12-12 22:31:12+00:00	Twitter for Android	None	None	None	0	RT @DorisHelmberger: Erfreulich kluges, konstruktives, weibliches #imzentrum.
1470159324777533444	ChristophFreina	2021-12-12 22:31:11+00:00	TweetDeck	None	None	None	0	Mitten #ImZentrum darf die Sendung "aus rechtlichen Gr√ºnden nur in √ñsterreich wiedergegeben werden". Zensur? /cc @ORF_TVthek @ThomasPrantner
1470159279512506374	KarinStanger	2021-12-12 22:31:01+00:00	Twitter for iPhone	None	None	None	0	RT @cybersyb1210: Schade, dass keine Expert:innen der @Arbeiterkammer bei #imzentrum dabei ist. Die haben nicht nur mit #gehbitte die bisla‚Ä¶
1470159220586782723	ehwagner	2021-12-12 22:30:47+00:00	Twitter for iPhone	None	None	None	7	Wirklich gute Diskussion heute #ImZentrum - es herrscht Einigkeit √ºber wissenschaftliche Fakten (man beruft sich auf das NIG, @c_drosten und @florian_krammer) und diskutiert welche Ma√ünahmen darauf basierend sinnvoll sind. Fakten werden von Meinungen klar differenziert. Chapeau!
1470159174940114956	GeorgHanisch	2021-12-12 22:30:36+00:00	Twitter Web App	None	None	None	0	Die Impfpflicht war die logische Folge der "Die Ungeimpften sind schuld"-Linie, @PeterFilzmaier, sonst nichts. #imzentrum
1470159129687871490	grafkaroly	2021-12-12 22:30:25+00:00	Twitter Web App	None	None	None	0	RT @Matthias_Arth: Holzmann hat mich gerade in meinem Vorhaben best√§tigt mit dem Boostern noch zu warten. Nach 6 Monaten anscheinend besser‚Ä¶
1470159122620420102	bigfanlarissa	2021-12-12 22:30:23+00:00	Twitter Web App	None	323161302	reiterec	0	@reiterec sollte eine CD aufnehmen, f√ºr Leute mit Einschlafst√∂rungen. Mit ihrer monotonen Sprache bin ich immer VOR 00:00 schon schlaffertig #imzentrum Filzi weckt mich wieder auf ;-))
1470159093591646213	S_Beck19	2021-12-12 22:30:16+00:00	Twitter for Android	None	None	None	1	Der Arbeitsplatz wurde in der Pandemie bisher noch nicht als erheblicher Regelungsbereich erkannt? Echt jetzt??? Die Diskussion in #imzentrum ist spannend, aber die erkennbaren Orientierungsm√§ngel der Regierenden sind ziemlich verst√∂rend.
1470159093012783108	salzgurkerl	2021-12-12 22:30:16+00:00	Twitter for iPhone	None	None	None	0	Filzi heute üêì im üß∫ #imzentrum
1470159069134704645	lou_hefner	2021-12-12 22:30:10+00:00	Twitter Web App	None	None	None	0	Und #ImZentrum wieder: 4 Monate eig a Bledsinn lel wer sagts da #StadtWien?
1470159062998392840	FranzJo24682644	2021-12-12 22:30:09+00:00	Twitter for Android	None	None	None	0	Politischer Talk in √ñsterreich ist mindestens gleich anstrengend wie die Politik selbst. #zib2 #imzentrum
1470159044631568384	CatarinaHandler	2021-12-12 22:30:05+00:00	Twitter for Android	None	None	None	0	Die sind alle so zivilisiert! Ist man bei Interviews etc. gar nicht mehr gew√∂hnt! #ImZentrum
1470159021025996804	Matthias_Arth	2021-12-12 22:29:59+00:00	Twitter for iPhone	None	None	None	1	Holzmann hat mich gerade in meinem Vorhaben best√§tigt mit dem Boostern noch zu warten. Nach 6 Monaten anscheinend bessere Immunantwort als fr√ºher. #imzentrum
1470158992689221638	maastermatti	2021-12-12 22:29:52+00:00	Twitter for Android	None	None	None	0	Hat jemand mitgez√§hlt wie oft etwas umgesetzt werden musste, was kategorisch ausgeschlossen wurde? #imzentrum
1470158951673217026	ValeskaK	2021-12-12 22:29:42+00:00	Twitter Web App	None	None	None	0	ein #imzentrum, in dem sich die diskutierenden nicht anschreien, sondern die*der einzelne eingeht auf das, was eine andere person gesagt hat
1470158951329275905	JSeidl1964	2021-12-12 22:29:42+00:00	Twitter for Android	None	None	None	0	Hab ich richtig geh√∂rt? #imzentrum Die Virologin sagte "Naive Population" üòâ
1470158913119166464	Ha_Sch	2021-12-12 22:29:33+00:00	Twitter for Android	None	None	None	0	Mehh, versteh nicht warum Booster noch immer separat diskutiert werden. so gut wie jede Impfung hat 3 Teile √ºber 6 bis 12 Monate. 2x war nie und wird nie vollimmunisiert sein. jetzt wird vorgezogen werden Delta, das ist alles. ü•± #imzentrum
1470158777433346049	ReinhardLorenz	2021-12-12 22:29:01+00:00	Twitter for Android	1470054517039411203	1131147129215508480	svazek	0	@svazek Das werden noch viel viel mehr werden, wenn ich gerade sehe wie #imzentrum √ºber 2G generell am Arbeitsplatz diskutiert wird! Ich bin echt am √úberlegen, meine geliebte Heimat tempor√§r verlassen zu m√ºssen.
1470158745569222657	kuruknai	2021-12-12 22:28:53+00:00	Twitter for Android	None	None	None	0	"Naive Population" ist mein neuer Lieblingsfachbegriff zur Pandemie. ‚ù§Ô∏è #imzentrum
1470158693119533058	WalterWeiland	2021-12-12 22:28:41+00:00	Twitter for iPhone	None	None	None	0	Grunds√§tzliches: Ich finde die Gespr√§chskultur, die Atmosph√§re, den Informationsgehalt heute sehr positiv! Frauenüëçüèº! Filziüëçüèº! #imzentrum
1470158531580112898	MichaelGroess	2021-12-12 22:28:02+00:00	Twitter for Android	None	None	None	0	Sollte #ImZentrum beibehalten nur Frauen (ok und @PeterFilzmaier) einzuladen. Ausnahmsweise mal inhaltlich interessantes und produktives Gespr√§ch.
1470158507857125386	rdo_60	2021-12-12 22:27:57+00:00	Twitter for Android	None	None	None	0	Fehlen nur noch Gl√ºhwein und Pl√§tzchen #ORF2 #ImZentrum
1470158500953309189	leini65	2021-12-12 22:27:55+00:00	Twitter for Android	1470157898663739394	1605328398	S_Beck19	0	@S_Beck19 Und mit dem Arbeitsministerium nicht wirklich im Dialog zu sein. #imZentrum
1470158484004085760	piquadra	2021-12-12 22:27:51+00:00	Twitter for iPad	None	None	None	2	Wie angenehm sind Diskussionen ohne #Kohl , #RauchKallat und Konsorten ‚Ä¶ aber es liegt sicher auch an den 5(!) Expertinnen und @PeterFilzmaier ! #imzentrum
1470158480774365184	HisGurkness	2021-12-12 22:27:50+00:00	Twitter for Android	None	None	None	0	Okay nachdem ich geh√∂rt habe was im nationalen impfgremium sitzt wundert mich nix mehr #imzentrum
1470158426613370881	GeriDallst	2021-12-12 22:27:37+00:00	Twitter Web App	None	None	None	0	Wir haben - im Gegensatz zu Deutschland - ein Impfregister (ELGA) und es w√§re daher v√∂llig schwachsinnig, auf eine Impfpflicht zu verzichten... #imzentrum
1470158381591769095	etnolog1	2021-12-12 22:27:27+00:00	Twitter for Android	1470156416224837642	3372250673	etnolog1	0	Die Antwort von Katharina Reich auf Omikron und Impfpflicht war auch eine Fluchtvariante #ImZentrum
1470158371236028422	suk_kus67	2021-12-12 22:27:24+00:00	Twitter for iPhone	None	None	None	0	So eine angenehm konstruktive, respektvolle, interessante diskussion #frauenpower #imzentrum
1470158224909348871	mschoe_	2021-12-12 22:26:49+00:00	Twitter for Android	None	None	None	0	RT @philbrokes: Der @coistric konfrontiert Dagmar Belakowitsch gerade mit deren eigenem Entschlie√üungsantrag aus 2008, ungeimpfte Kinder au‚Ä¶
1470158122371227652	dieperle1	2021-12-12 22:26:25+00:00	Twitter for iPad	None	None	None	0	RT @SolautSonja: "Experten" sind erst durch diese Diskussion #imzentrum draufgekommen, dass das Thema Arbeitsplatz ein Hebel sein k√∂nnte? D‚Ä¶
1470158112342650886	LieberPinguin2	2021-12-12 22:26:22+00:00	Twitter for Android	None	None	None	0	RT @SolautSonja: "Experten" sind erst durch diese Diskussion #imzentrum draufgekommen, dass das Thema Arbeitsplatz ein Hebel sein k√∂nnte? D‚Ä¶
1470158091039789071	grafkaroly	2021-12-12 22:26:17+00:00	Twitter Web App	None	None	None	0	RT @Daniela_Kickl: Das wird noch lustig mit der Impfpflicht ü§ì #imzentrum
1470158087306764304	devnul	2021-12-12 22:26:16+00:00	Twitter for Android	None	None	None	0	#imzentrum EINE SPUR?????
1470158036123766786	WolfgangPanhoel	2021-12-12 22:26:04+00:00	Twitter for iPhone	None	None	None	0	#Ausnahmekatalog von #Impfpflicht wird sehr eng ausfallen, sagt @HeidemarieHolzmann. Das sollte die BuReg so schnell wie m√∂glich klarstellen. Sonst werden die √Ñrzte √ºberrannt #imzentrum
1470158029467308044	DorisBerghammer	2021-12-12 22:26:03+00:00	Twitter for Android	None	None	None	0	So angenehm, diese Diskussionsrunde heut #imzentrum https://t.co/mzbmstvVlx
1470158026351030283	HerbertPanek	2021-12-12 22:26:02+00:00	Twitter Web App	None	None	None	0	ich zitiere Irmgard Griss : reden wir von der Impfverantwortung statt von Impfpflicht #imzentrum
1470158018381811717	spindocAT	2021-12-12 22:26:00+00:00	Twitter for Android	None	None	None	0	Ich sch√§tze diese Diskussionsrunden bei #ImZentrum ohne politischer Beteiligung sehr. Blutdruckschonend und sehr interessant!! Und man versteht jede Wortmeldung man sich nicht immer ins Wort f√§llt.
1470158005081710595	SolautSonja	2021-12-12 22:25:57+00:00	Twitter Web App	None	None	None	13	"Experten" sind erst durch diese Diskussion #imzentrum draufgekommen, dass das Thema Arbeitsplatz ein Hebel sein k√∂nnte? Der wurde bisher nicht bedacht? Das darf doch alles nicht wahr sein, welche Versager da herumpfuschen. #Reich
1470157999754944512	deco_samy	2021-12-12 22:25:56+00:00	Twitter for Android	None	None	None	0	#imzentrum ist eine nationale Impfpflicht zur Bek√§mpfung einer weltweiten Pandemie sinnvoll?
1470157933619126278	MattSchmelzer	2021-12-12 22:25:40+00:00	Twitter for Android	None	None	None	0	RT @ORFImZentrum: Rund 1,3 Millionen √ñsterreicher:innen ab 14 Jahren haben sich noch nicht gegen Covid-19 impfen lassen. #imzentrum https:‚Ä¶
1470157903130673155	JuergenKnopper	2021-12-12 22:25:32+00:00	Twitter Web App	None	None	None	0	Filzi ‚ù§Ô∏è#imzentrum
1470157898663739394	S_Beck19	2021-12-12 22:25:31+00:00	Twitter for Android	None	None	None	0	Nach manchen Antworten von Frau Raich zu beurteilen: das Gesundheitsministerium scheint sich vielen Fragen und Regelungsbereichen noch nicht mit relevanter Intensit√§t zugewandt zu haben. #imzentrum
1470157867189739523	nserom	2021-12-12 22:25:24+00:00	Twitter for Android	None	None	None	0	Raich kennt nach 2 Jahren Pandemie Experten wie @KorberRisak noch immer nicht, sie will sie "bald einladen" #imzentrum ü§¶üèª
1470157864945733635	Werbeblocker201	2021-12-12 22:25:23+00:00	Twitter for Android	None	None	None	0	#imzentrum Frau Generalsekret√§rin, irgendwie erinnern Sie mich an Frau Edstadler,
1470157777565884424	DorisHelmberger	2021-12-12 22:25:03+00:00	Twitter for iPhone	None	None	None	6	Erfreulich kluges, konstruktives, weibliches #imzentrum.
1470157748201529344	m_boeswarth	2021-12-12 22:24:56+00:00	Twitter for Android	None	None	None	0	Direkt mal angenehm zum Anschauen, so ganz ohne wichtigtuerische, herump√∂belnde Alpham√§nnchen #imzentrum
1470157620770217992	robertcjolly	2021-12-12 22:24:25+00:00	Twitter Web App	None	None	None	0	Sch√∂n dass #Imzentrum heute so Klar und deutlich: Impfen ist keine Privatsache, Staat darf auch erzieherisch t√§tig werden, es herrscht Gefahr im Vollzug, Bis jemand ausreichend immunisiert ist wie f√ºr omikron n√∂tig vergeht wieder fast ein Jahr.
1470157574448295942	stupmed	2021-12-12 22:24:14+00:00	Twitter for Android	None	None	None	0	Das Gesundheitsministerium wird einen breiten Dialog mit dem Arbeitsministerium starten. #imzentrum
1470157569608015877	DanielaHaarmann	2021-12-12 22:24:13+00:00	Twitter Web App	None	None	None	0	Menschen, mit √Ñngsten vor Nadeln, werden bald eine bessere psychologische Betreuung haben als Menschen mit schweren u die im Alltag behindernde Angstst√∂rungen. #ImZentrum #Impfpflicht
1470157527274958855	devnul	2021-12-12 22:24:03+00:00	Twitter for Android	None	None	None	0	#imzentrum ungeimpft hei√üt doch nicht = ansteckend. Und man rennt auch nicht als Massenmordendes Monster durch die Gegend. Hallo!?
1470157475194228740	ChristophFreina	2021-12-12 22:23:50+00:00	TweetDeck	None	None	None	0	RT @schuellie: S√§umigkeit - damit ist alles gesagt,was die Regierung geleistet hat. #imzentrum
1470157456730996737	styrian_anna	2021-12-12 22:23:46+00:00	Twitter for Android	None	None	None	0	Also ob Haus√§rzt:innen f√ºr eingefleischte Impfgegner, die nicht selten der gesamten evidenzbasierten Medizin negativ gegen√ºber stehen, die Vertrauensperson der Wahl ist, wage ich zu bezweifeln. #imzentrum
1470157426246701056	ManuelWinkler_	2021-12-12 22:23:39+00:00	Twitter Web App	None	None	None	0	Man m√∂chte fast meinen, am Arbeitsplatz gibt's kein Corona, deswegen braucht man dort auch keine Regeln. Und √ºberhaupt h√∂rt man eh zuerst mal auf das, was die WKO sagt. Dann kommt lange nichts und dann h√∂rt man ggf. doch auf Experten ¬Ø\_(„ÉÑ)_/¬Ø #ImZentrum
1470157422719385609	DennisBeck_w	2021-12-12 22:23:38+00:00	Twitter for iPad	1470152617611476993	219991963	Claus_Pandi	0	@Claus_Pandi Insgesamt eine gute Runde. Nur die Politikwissenschafterin schwurbelt etwas rum. Katharina Reich tut das gar nicht. Wirklich erstaunlich eloquenter und kompetenter Auftritt. #imZentrum.
1470157346940899333	jonny1604382	2021-12-12 22:23:20+00:00	Twitter for iPhone	None	None	None	0	RT @AndreaLechner11: Impfpflicht mit Augenzwinkern - etwas typisch √ñsterreichisches! Man muss Gesetze ja nicht so ernst nehmen - siehe 3G K‚Ä¶
1470157334194364424	schuellie	2021-12-12 22:23:17+00:00	Twitter Web App	None	None	None	1	S√§umigkeit - damit ist alles gesagt,was die Regierung geleistet hat. #imzentrum
1470157254368411656	Ayranmagman	2021-12-12 22:22:58+00:00	Twitter for Android	None	None	None	0	Filzmaier schwurbelt bei #imzentrum gegen die Impfpflicht. 98% aller Twitteruser in √ñsterreich haben gerade ihren Fernseher aus dem Fenster geschmissen.
1470157145748516864	esterreichland	2021-12-12 22:22:32+00:00	Twitter for iPhone	None	None	None	0	‚ÄûWir haben noch bissl Zeit die Impfpflicht zu definieren.‚Äú WTF .. das wird wieder mal a guades Gesetz #imzentrum #orf2
1470157127989747717	su91671488	2021-12-12 22:22:28+00:00	Twitter for iPhone	None	None	None	0	#ImZentrum Ein Traum !Gute Frau was wollen sie?! @KorberRisak https://t.co/QfVCP6YcOO
1470157124198096898	Gottfried55	2021-12-12 22:22:27+00:00	Twitter Web App	1470156200046215174	47904037	shams121	0	@shams121 @reiterec Weil das eine vern√ºnftige Diskussion sein soll, aber kein Kasperltheater! #imzentrum
1470157053050109959	martha_ecker	2021-12-12 22:22:10+00:00	Twitter for Android	None	None	None	0	RT @G_Kuehberger: Kann mich an keine #ImZentrum Folge erinnern, bei der sich die G√§ste so selten ins Wort gefallen sind. Diese Gespr√§chskul‚Ä¶
1470156884531425282	diamir8000	2021-12-12 22:21:30+00:00	Twitter for iPhone	None	None	None	0	Vorschlag: wir machen ein paar #imzentrum nur mit @PeterFilzmaier. Ich w√ºrde das schauen.
1470156883889725450	Marion_Marija	2021-12-12 22:21:29+00:00	Twitter for Android	1470156448906846208	108268831	Marion_Marija	0	Ich bin dennoch f√ºr die Impfpflicht. #imzentrum
1470156881574379524	bounty_cortez	2021-12-12 22:21:29+00:00	Twitter for iPhone	None	None	None	0	Filzi stellt wieder mal super scharfsinnige Fragen. #imzentrum
1470156834535354372	herrpaul	2021-12-12 22:21:18+00:00	Twitter for iPhone	None	None	None	0	Sehr g‚Äôscheite Leute alles, daher umso frustrierender dass da auch keiner eine L√∂sung hat #imzentrum
1470156778222542852	RBauchinger	2021-12-12 22:21:04+00:00	Twitter for Android	None	None	None	0	Super besetzt heute #ImZentrum
1470156625222774786	deco_samy	2021-12-12 22:20:28+00:00	Twitter for Android	None	None	None	0	#imzentrum wird die Impfpflicht gerade zerlegt.
1470156624828538884	enzersberger	2021-12-12 22:20:28+00:00	Twitter Web App	None	1204410605689458689	PeterFilzmaier	0	@PeterFilzmaier Endlich eine Stimme der Vernunft. #imzentrum
1470156557291827204	gertikovski	2021-12-12 22:20:12+00:00	Twitter for iPhone	None	None	None	0	Filzi Gott der Bildsprache #imzentrum
1470156459283472386	BernieHoefler	2021-12-12 22:19:48+00:00	Twitter for Android	None	None	None	0	Das wird noch was mit der #Impfpflicht... Nicht gut, viel zu unklar und anschlie√üend tritt dieser gew√ºnschte Erfolg - Ende der Pandemie? - nicht ein, was dann? #imzentrum
1470156448906846208	Marion_Marija	2021-12-12 22:19:46+00:00	Twitter for Android	None	None	None	0	Filzi on point. Wieder ein Mal. #imzentrum
1470156416224837642	etnolog1	2021-12-12 22:19:38+00:00	Twitter for Android	None	None	None	0	Solange sie nicht Omikron als wahrscheinliche Fluchtvariante #imZentrum diskutieren, bleibt die Debatte √ºber die Wirksamkeit der Impfpflicht scholastisch.
1470156342425960450	uebersleben	2021-12-12 22:19:20+00:00	Twitter for iPhone	None	None	None	0	Diese Diskussion ist zum jetzigen Zeitpunkt kontraproduktiv bzw kommt zu sp√§t. #imzentrum
1470156316521947141	Werbeblocker201	2021-12-12 22:19:14+00:00	Twitter for Android	None	None	None	0	#imzentrum es werden mehr als 10% Einspruch machen.
1470156304710832128	MrUlmrich	2021-12-12 22:19:11+00:00	Twitter Web App	None	None	None	0	Filzi erkl√§rt wunderbar die Versticktheiten, die negativen feedback loops assozialer Impfverweigerer: (Jetzt) will ich ja, aber wie kommunizier ich meinen Meinungsumschwung? #ImZentrum
1470156257822748675	creation_2011	2021-12-12 22:19:00+00:00	Twitter for iPhone	None	None	None	0	RT @S_Beck19: Seltsames #imzentrum. Expertinnen √§u√üern ihre Bedenken gegen√ºber einer Impfpflicht, nennen aber keine Alternative mit Ausnah‚Ä¶
1470156204198531079	denkwerkstatt	2021-12-12 22:18:47+00:00	Twitter for Android	None	None	None	0	Filzmaier spart heute nicht mit Pointen. #imzentrum
1470156200046215174	shams121	2021-12-12 22:18:46+00:00	Twitter for Android	None	None	None	0	Warum hat Fr. @reiterec in der Runde der Impfpflichtgegner den Hrn. Kickl #imzentrum nicht dabei ?
1470156184015486976	funda_sel	2021-12-12 22:18:43+00:00	Twitter for iPhone	None	None	None	0	Ausser #reiterer f√§llt heute niemand jemandem ins Wort. Ob sie es noch irgendwann lernt? üôÑ #imzentrum
1470156179443703814	maastermatti	2021-12-12 22:18:42+00:00	Twitter for Android	None	None	None	0	Filzmaier sagt #imzentrum, dass Belohnungssysteme nur funktionieren, wenn es Dinge gibt, die jeden ansprechen. Bei beiden bisherigen Impflotterien gab es als Hauptpreis ein Auto. Ist das der √∂sterreichische kleinste gemeinsame Nenner?
1470156143284604933	2taeubchen	2021-12-12 22:18:33+00:00	Twitter for iPhone	None	None	None	0	Durchschlagende Wirkung in puncto einer Belohnung w√§re, die #GIS Geb√ºhr zu erlassen. Das k√§me besonders bei den #Impfgegnern positiv an. #imzentrum
1470156105737248769	schinscha	2021-12-12 22:18:24+00:00	Twitter Web App	1470151756961226755	108268831	Marion_Marija	0	@Marion_Marija Wenn der kl√ºgere immer nachgibt, schaut die Welt liab aus. #Covidioten #imzentrum
1470156070853263362	WalterWeiland	2021-12-12 22:18:16+00:00	Twitter for iPhone	None	None	None	1	Meiner Ansicht nach ist der ‚ÄûAbhol-Zug‚Äú f√ºr Impfgegner abgefahren. Haben die Damen und Herren, die ‚ÄûBeratungsgespr√§che‚Äú empfehlen, noch nie mit Impfschwurblern diskutiert? Das funktioniert nicht! #imzentrum
1470156053178458112	HaarigerHorror	2021-12-12 22:18:11+00:00	Twitter for Android	None	None	None	0	Irgendwie merkt man das der #ORF ein √ñVP Kompetenzzentrum geworden ist. #imzentrum
1470155985410998277	G_Kuehberger	2021-12-12 22:17:55+00:00	Twitter for iPhone	None	None	None	1	Kann mich an keine #ImZentrum Folge erinnern, bei der sich die G√§ste so selten ins Wort gefallen sind. Diese Gespr√§chskultur ist gerade in Zeiten wie diesen eine Wohltat @reiterec liegt das am hohen Frauenanteil?
1470155874899570696	MaxlWerner	2021-12-12 22:17:29+00:00	Twitter Web App	None	None	None	0	Warum schreit #ImZentrum niemand rum?
1470155833103290372	JonasVasak	2021-12-12 22:17:19+00:00	Twitter Web App	None	None	None	0	500 Euro f√ºr die Booster-Impfung f√§nde ich gut. Gut f√ºr die Menschen. Gut f√ºr die Wirtschaft. Gut gegen die Pandemie. #ImZentrum #ORF2
1470155686977941518	ChristophFreina	2021-12-12 22:16:44+00:00	TweetDeck	None	None	None	0	Bitte keine Zwischenfragen, Frau @reiterec ‚Äì Sendung einleiten und dann die G√§ste miteinander sprechen lassen. Danke. #imzentrum
1470155630241619971	Kamen_ATSR	2021-12-12 22:16:31+00:00	Twitter Web App	None	None	None	0	RT @AndreaLechner11: Impfpflicht mit Augenzwinkern - etwas typisch √ñsterreichisches! Man muss Gesetze ja nicht so ernst nehmen - siehe 3G K‚Ä¶
1470155490873253889	AndreaLechner11	2021-12-12 22:15:57+00:00	Twitter for Android	None	None	None	2	Impfpflicht mit Augenzwinkern - etwas typisch √ñsterreichisches! Man muss Gesetze ja nicht so ernst nehmen - siehe 3G Kontrollen, Maskenpfkicht etc. #imzentrum
1470155455712346120	bundesminista	2021-12-12 22:15:49+00:00	Twitter for iPhone	None	None	None	0	Es ist irritierend, wenn sich #imzentrum keine Leut gegenseitig anschreien.
1470155411386998784	herrpaul	2021-12-12 22:15:38+00:00	Twitter for iPhone	None	None	None	0	Ich wei√ü ja nicht was die alle f√ºr Haus√§rzte haben, aber die die ich kenn werden sicher nicht halbst√ºndige Beratungsgespr√§che mit jedem Impfskeptiker f√ºhren #imzentrum
1470155389895385098	Pulli_Ulli_	2021-12-12 22:15:33+00:00	Twitter for iPhone	None	None	None	0	Surprise. Heut is a echt gute Sendung. #imzentrum
1470155346589196289	Xaver31738666	2021-12-12 22:15:23+00:00	Twitter for Android	1470148496833626124	547173846	TomMayerEuropa	0	@TomMayerEuropa Muss man schon lange nicht mehr gesehen haben.#imzentrum
1470155335830757380	serendipitass	2021-12-12 22:15:20+00:00	Twitter for Android	None	None	None	0	#imzentrum Frau Prainsack, eine Beratungspflicht hatte die Caritas f√ºr Ihre Mitarbeiter und hat fast nichts gebracht. Und diese Menschen sind in der Pflege. Selbst wenn man es den Leuten aufzeichnet und manche selbst Genesene sind unbelehrbar. Siehe Haimbuchner.
1470155297515839490	netmyller	2021-12-12 22:15:11+00:00	Twitter Web App	None	None	None	0	Sobald Politiker*innen merken, dass man sie nicht w√§hlt ist die Kommunikationt√ºr zugeknallt. Sehr guter Hinweis von Filzmaier in #imzentrum https://t.co/1vJmKSCFFs
1470155295401914372	MrUlmrich	2021-12-12 22:15:11+00:00	Twitter Web App	None	None	None	0	RT @broethaler: #ImZentrum #Gehbitte #Gehbitteimpfen #ZusammenGegenCorona @Arbeiterkammer #Gerechtigkeit #F√ºrDich https://t.co/IgmvUMVRBy
1470155277110595589	Werbeblocker201	2021-12-12 22:15:06+00:00	Twitter for Android	None	None	None	0	Ist die Frau Generalsekret√§rin eine Gr√ºne? #imzentrum
1470155206059040776	maastermatti	2021-12-12 22:14:49+00:00	Twitter for Android	None	None	None	0	Mal eine sachliche Diskussion #imzentrum.
1470155178045321216	LorenzLaurin	2021-12-12 22:14:43+00:00	Twitter Web App	None	None	None	0	Coole und sehr konstruktive Runde, da #imzentrum. Vielleicht weil es vier Frauen sind, die den Ton angeben?
1470155157874909185	schuellie	2021-12-12 22:14:38+00:00	Twitter Web App	1470154213997125637	453174297	eyeklar	0	@eyeklar Um Gottes Willen, was ist das f√ºr eine herabw√ºrdigende, arrogante Bezeichnung, Expertinnen komische Pflanzen zu nennen. #imzentrum
1470155072466210816	JonasVasak	2021-12-12 22:14:18+00:00	Twitter Web App	None	None	None	0	Reich: "Das ist jetzt keine Privatsache mehr". #Kurz hat die Pandemie im Sommer noch genau zu einer solchen erkl√§rt. #ImZentrum #ORF2
1470155042166616073	MichiTom742	2021-12-12 22:14:10+00:00	Twitter for Android	None	None	None	0	Super Ausgabe von #imzentrum heute. Ausschlie√ülich Fachleute, keine Zwischenrufe, sehr gute Diskussion!
1470155024164876290	MrUlmrich	2021-12-12 22:14:06+00:00	Twitter Web App	None	None	None	0	#Impfen ist keine Privatsache mehr! Was gibt's dem zu entgegnen? #ImZentrum
1470154999443382274	gregoa_	2021-12-12 22:14:00+00:00	Twitter Web App	1470154603505373186	346774114	PaulReisenauer	0	@PaulReisenauer erst seit einem jahr im amt https://t.co/hlCdy7FGP4 #imzentrum
1470154803464617985	WBeiganz	2021-12-12 22:13:13+00:00	Twitter for Android	None	None	None	0	#imzentrum L√§nder mit h√∂herer impfrate haben keinen Kickl. Also h√∂rts auf mit dem vergleichen.
1470154782534950926	EscLindon	2021-12-12 22:13:08+00:00	Twitter for Android	None	None	None	0	#imzentrum #reich spricht klartext. Super.
1470154713651896329	LauraMo06063550	2021-12-12 22:12:52+00:00	Twitter for Android	None	None	None	0	RT @MuiViertler: Tolles Statement, Erkl√§rung sowie L√∂sungsvorschlag f√ºr die Erh√∂hung der Impfquote ohne √ºbergriffige #Impfpflicht durch Fr‚Ä¶
1470154641715433473	broethaler	2021-12-12 22:12:35+00:00	Twitter for Android	None	None	None	1	#ImZentrum #Gehbitte #Gehbitteimpfen #ZusammenGegenCorona @Arbeiterkammer #Gerechtigkeit #F√ºrDich https://t.co/IgmvUMVRBy
1470154637428891659	Daniela_Kickl	2021-12-12 22:12:34+00:00	Twitter for Android	None	None	None	1	Das wird noch lustig mit der Impfpflicht ü§ì #imzentrum
1470154606105800705	Lykaion	2021-12-12 22:12:26+00:00	Twitter for Android	None	None	None	0	Bullshit wieder mal bei #imzentrum: Nat√ºrlich waren bei Zulassungsstudien Schwangere inkludiert. Nicht vors√§tzlich, aber bei einigen F√§llen wu√üten es Studienteilnehmerinnen nicht. Und es gibt eine Empfehlung des nationalen Impfgremiums.
1470154603505373186	PaulReisenauer	2021-12-12 22:12:26+00:00	Twitter Web App	None	None	None	0	#imzentrum beste Sendung um zu erfahren, dass wir so Dinge wie eine Generaldirektorin f√ºr die √∂ffentliche Gesundheit haben, man fragt sich wie ihr Sabbatical die letzten zwei Jahre war.
1470154534521606144	fuerihrekuehe	2021-12-12 22:12:09+00:00	Twitter for Android	None	None	None	0	Na gut das w√§r nat√ºrlich auch eine Idee: die Leute gehen wegen einem Impfbefreiungsattest zu ihrem Arzt und statt dem Attest mit einer Impfung raus. Bef√ºrchte nur dass das einige vorher schon ahnen und lieber zu √Ñrzten gehen die aus Attesten ein Gesch√§ft machen #imzentrum
1470154489143472137	lightyear2000	2021-12-12 22:11:59+00:00	Twitter for Android	1470153284140867586	89626463	lightyear2000	0	Die Impfung ist sicher. Die Impfung sch√ºtzt. Die gro√üartige Mai Lab erkl√§rt: https://t.co/kxu8ENBSNS #imzentrum #ImpfenSchuetzt #ImpfenRettetLeben
1470154213997125637	eyeklar	2021-12-12 22:10:53+00:00	Twitter for Android	None	None	None	0	#imzentrum um Gottes Willen, was sind das f√ºr komische Pflanzen, die da im Zentrum sitzen? Neben Filzmaier ist die Reich die einzig Kompetente, der Rest labert einfach irgendwas daher und nicht wirklich Wertvolles , das der Situation zutr√§glich ist. üôÑüôÑ
1470154131318968321	nessi1969	2021-12-12 22:10:33+00:00	Twitter Web App	None	None	None	0	RT @AndreaLechner11: Muss man nicht verstehen oder - keine Impfpflicht am Arbeitsplatz?! #imzentrum
1470154112721424394	ManuelWinkler_	2021-12-12 22:10:29+00:00	Twitter Web App	None	None	None	0	RT @ORFImZentrum: Rund 1,3 Millionen √ñsterreicher:innen ab 14 Jahren haben sich noch nicht gegen Covid-19 impfen lassen. #imzentrum https:‚Ä¶
1470154108900413451	DorisBerghammer	2021-12-12 22:10:28+00:00	Twitter for Android	None	None	None	0	Liegt es an der Frauenquote oder warum ist das heute eine extrem angenehme und gscheite Diskussionsrunde. Gerne mehr davon! #imzentrum
1470154097257033728	gittifee	2021-12-12 22:10:25+00:00	Twitter for iPhone	1470154032488620037	1681502546	gittifee	0	#ImZentrum
1470154002591621127	dieperle1	2021-12-12 22:10:03+00:00	Twitter for iPad	None	None	None	0	RT @IngridH98228420: Im ARD gibt es einen Weltspiegel extra √ºber Kurz #ImZentrum
1470153876791865346	_GRUH_	2021-12-12 22:09:33+00:00	Twitter Web App	None	None	None	0	Hervorragende Diskussion #imzentrum Keine M√§nner (sorry #filzi, sie stehen da sowieso dr√ºber), daher keine d√§mlichen Sandkasten Spielchen
1470153730326958081	netmyller	2021-12-12 22:08:58+00:00	Twitter Web App	None	None	None	0	RT @lightyear2000: Es gibt kaum eine andere Technologie in der Geschichte der Menschheit, die so viele Menschenleben gerettet hat wie die I‚Ä¶
1470153678271225856	thomasdrozda	2021-12-12 22:08:45+00:00	Twitter for iPhone	None	None	None	0	Finde Frau @KorberRisak seit geraumer eine Bereicherung jedes Sendeformats, zuletzt #imzentrum. Die Frage was nach der ‚Äöultima ratio Impfpflicht‚Äô kommt, ist die zentrale.
1470153628229025792	S_Beck19	2021-12-12 22:08:33+00:00	Twitter for Android	None	None	None	0	Die @KorberRisak spricht so sehr zu recht die Frage an, was denn passieren soll, wenn auch die ultima ratio genannte Impfpflicht nicht ausreichend funktioniert. Schon unter diesem Aspekt ist es unverst√§ndlich, "nur" auf die Impflicht zu setzen. #imzentrum
1470153601062510597	CatarinaHandler	2021-12-12 22:08:27+00:00	Twitter for Android	None	None	None	0	"Junge Erwachsene im geb√§renf√§higen Alter" klingt irgendwie echt unangenehm #ImZentrum
1470153586898259974	hotspyd	2021-12-12 22:08:23+00:00	Twitter for iPhone	None	None	None	0	RT @__ungeimpft__: #imzentrum Wer die Pockenimpfung mit den Dauerimpfungen gegen Covid, die niemanden vor Infektion sch√ºtzen vergleicht, ha‚Ä¶
1470153572419518474	mst_twit	2021-12-12 22:08:20+00:00	Twitter for iPhone	None	None	None	0	RT @__ungeimpft__: #imzentrum Wer die Pockenimpfung mit den Dauerimpfungen gegen Covid, die niemanden vor Infektion sch√ºtzen vergleicht, ha‚Ä¶
1470153560138657797	uebersleben	2021-12-12 22:08:17+00:00	Twitter for iPhone	None	None	None	0	Was sollen wir denn dann tun?? @PeterFilzmaier Durchlaufen lassen? Survival of the fittest? Mitnichten!! Sondern: Ehrliche, transparente, regelm√§√üige Information!! #imzentrum
1470153542610702347	derKroisi	2021-12-12 22:08:13+00:00	Twitter for iPhone	None	None	None	0	Warum ist die Arbeit nicht im Gesetzesentwurf? Gleiche Antwort wie: Ich konnte mir nicht vorstellen das die Impfpflicht das Land spaltet. Regieren halt an den Problemen der Vielen vorbei und kennen die Probleme nicht. #faceit #imZentrum
1470153533668405250	alex_08_15	2021-12-12 22:08:11+00:00	Twitter for iPhone	None	None	None	0	RT @__ungeimpft__: #imzentrum Wer die Pockenimpfung mit den Dauerimpfungen gegen Covid, die niemanden vor Infektion sch√ºtzen vergleicht, ha‚Ä¶
1470153380286902274	michaelfrie	2021-12-12 22:07:34+00:00	Twitter for Android	None	None	None	0	1er d interessantesten Punkte hinsichtlich #impfpflicht:Arbeitsplatz. Expertin stellt wichtige Frage,zack, abgestochen von Moderatorin. Jetzt gehts um...g√§hn....Kommunikation. Dass dies d wichtigste Diskussionssendung d @ORF sein soll, ist Woche f√ºr Woche erstaunlich. #imzentrum
1470153352323424260	DonProletarus	2021-12-12 22:07:27+00:00	Twitter for Android	None	None	None	0	Also f√ºr die Gruppe der ganz besonderen Irren der letzten Demos? Die #Klauninger und co's? #Oida...üôàüôàüôà #ImZentrum https://t.co/wIzDeHskzR https://t.co/VOM5roxrKD
1470153339950309377	IngridH98228420	2021-12-12 22:07:25+00:00	Twitter Web App	None	None	None	1	Im ARD gibt es einen Weltspiegel extra √ºber Kurz #ImZentrum
1470153313937154058	darfdeadas	2021-12-12 22:07:18+00:00	Twitter for Android	None	None	None	0	RT @MaxlWerner: Ich will eine Corona-Ende-Party, gerne auch um gemeinsam mit Peter Filzmaier aus einem K√ºbel zu trinken. #ImZentrum
1470153284140867586	lightyear2000	2021-12-12 22:07:11+00:00	Twitter for Android	None	None	None	2	Es gibt kaum eine andere Technologie in der Geschichte der Menschheit, die so viele Menschenleben gerettet hat wie die Impfung. #imzentrum
1470153252343799808	harald_eff	2021-12-12 22:07:04+00:00	Twitter Web App	None	None	None	0	Dass es keine (wenige) empirischen Daten zur Impfpflicht gilt, gilt halt auch f√ºr die angef√ºhrten Argumente dagegen. #ImZentrum
1470153246824091648	nunukaller	2021-12-12 22:07:02+00:00	Twitter for iPhone	None	None	None	0	Lieber ORF, #imzentrum ohne agitierende PolitikerInnen ist soooo viel superer!!!
1470153228469907461	dave_soprano	2021-12-12 22:06:58+00:00	Twitter for iPhone	None	None	None	0	5 Frauen und 1 Filzi. #ImZentrum
1470153227337404419	WolfgangPanhoel	2021-12-12 22:06:58+00:00	Twitter for iPhone	None	None	None	0	RT @karmen_riedl: RA K√∂rber -Risak vertritt haupts√§chlich Arbeitgeber Innen vor Gericht. . Finde,das sollte man wissen,wenn ORF sie als Arb‚Ä¶
1470153167203672078	CezudemVau	2021-12-12 22:06:43+00:00	Twitter for iPhone	None	None	None	0	k√ºbelsaufen mit peter filzmaier #imzentrum
1470153143740776452	WolfgangPanhoel	2021-12-12 22:06:38+00:00	Twitter for iPhone	None	None	None	1	#Impfpflicht und #Arbeitsverbot sind verschiedene Dinge, wer sich nicht impfen l√§sst, dem droht eine Verwaltungsstrafe (‚Ç¨ 600 - 3.600) Existenzgef√§hrdung durch Arbeitsverbot w√§re jedenfalls unverh√§ltnism√§√üig #imzentrum
1470153091882397700	Marion_Marija	2021-12-12 22:06:25+00:00	Twitter for Android	None	None	None	0	Keine Orgie n√§chstes Jahr? Schad. #imzentrum
1470152966489395216	MaxlWerner	2021-12-12 22:05:55+00:00	Twitter Web App	None	None	None	2	Ich will eine Corona-Ende-Party, gerne auch um gemeinsam mit Peter Filzmaier aus einem K√ºbel zu trinken. #ImZentrum
1470152909128187904	gruen_wald	2021-12-12 22:05:42+00:00	Twitter for Android	None	None	None	0	Filzin sagt gerade, dass es keine gro√üe Sangria-Orgie geben wird. Sorry. #imzentrum
1470152834897399815	AndreaLechner11	2021-12-12 22:05:24+00:00	Twitter for Android	None	None	None	1	Muss man nicht verstehen oder - keine Impfpflicht am Arbeitsplatz?! #imzentrum
1470152663140610049	MrUlmrich	2021-12-12 22:04:43+00:00	Twitter Web App	None	None	None	0	Filzi: Als PolitikerIn mit jenen reden, die einen sicher nicht w√§hlen. Muss noch gelernt werden #ImZentrum
1470152585856405514	nserom	2021-12-12 22:04:25+00:00	Twitter for Android	None	None	None	0	RT @pia_pe: Katharina Reich sagt, Nehammer hat Dinge wissen wollen, er hat nachgefragt, anders als Schallenberg und Kurz. Lol. #imZentrum
1470152492193353729	ChristophFreina	2021-12-12 22:04:02+00:00	TweetDeck	None	None	None	0	Kann Reiterer bitte einfach ihre G√§ste miteinander sprechen lassen. #imzentrum
1470152416763031563	fhorntweets	2021-12-12 22:03:44+00:00	Twitter Web App	None	None	None	0	Mich freut das heute alles nicht so sehr üòâ #ImZentrum reden die grunds√§tzlich qualitativen G√§ste auch gro√üteils aneinander vorbei.
1470152402330394624	Gottfried55	2021-12-12 22:03:41+00:00	Twitter Web App	None	None	None	0	Nicht alle 18 bis 24 j√§hrigen arbeiten in Betrieben, es gibt auch Studenten und auf den UNIS gilt auch 2G! #ImZentrum
1470152389038645251	DerVereinfacher	2021-12-12 22:03:38+00:00	Twitter for iPhone	None	None	None	0	Konsequenz und √ñsterreich ist so eine Sache. #√ñsterreichischeL√∂sung #imzentrum
1470152388459827202	Marion_Marija	2021-12-12 22:03:38+00:00	Twitter for Android	None	None	None	0	Filzi. Ein Lichtblick. #imzentrum https://t.co/BKO9UAB6XN
1470152338350477312	Werbeblocker201	2021-12-12 22:03:26+00:00	Twitter for Android	None	None	None	0	Frau K√∂rber sind sie das Sprachrohr der Wirtschaft. #imzentrum
1470152336534384645	david_sinz	2021-12-12 22:03:25+00:00	Twitter for iPhone	None	None	None	0	Angenehm so eine Runde ohne notst√§ndig arrogante M√§nner #imzentrum
1470152329114570760	ManuelWinkler_	2021-12-12 22:03:24+00:00	Twitter Web App	None	None	None	0	2G am Arbeitsplatz gibt's wahrscheinlich deswegen nicht, weil man das Risiko scheut, dass zu viele Leute nicht mehr arbeiten und dann erst recht die Wirtschaft zusammenbricht. Aber spricht halt keiner aus ü§∑‚Äç‚ôÇÔ∏è #ImZentrum
1470152296583606278	kristofbender	2021-12-12 22:03:16+00:00	Twitter for iPhone	None	None	None	0	Wie angenehm, wenn mal (fast) nur Frauen diskutieren. #imzentrum
1470152237246783491	DennisBeck_w	2021-12-12 22:03:02+00:00	Twitter for iPad	None	None	None	0	Vier Frauen und ein Filzmaier. #imZentrum üòé
1470152202098515976	ChristophFreina	2021-12-12 22:02:53+00:00	TweetDeck	None	None	None	0	Eine allgemeine Impfpflicht und 3G am Arbeitsplatz sind absurd. #imzentrum
1470152179352809485	lightyear2000	2021-12-12 22:02:48+00:00	Twitter for Android	None	None	None	0	‚ÄúBeratungspflicht statt Impfzwang‚Äú find ich sehr spannend: das k√∂nnte vlt auch Verschw√∂rungsmythen und Fakenews bek√§mpfen. #imzentrum
1470152160486830090	steffirosi	2021-12-12 22:02:43+00:00	Twitter for Android	None	None	None	0	Anscheinend ist quasi jede Person im Alter zwischen 14 und 34 berufst√§tig. Danke f√ºr die Erkl√§rung #imzentrum
1470152077758373892	RiemHigazi	2021-12-12 22:02:24+00:00	Twitter Web App	None	None	None	0	#imzentrum's S√§tze sind Heute extrem lang. https://t.co/PO4fkGIamM
1470152071630540808	Werbeblocker201	2021-12-12 22:02:22+00:00	Twitter for Android	None	None	None	0	Ich kann mir die Strafen leisten und verzichte auf mein 3. Impfung #imzentrum
1470151939308544005	thomas_entner	2021-12-12 22:01:51+00:00	Twitter for Android	None	None	None	0	Das Thema Impfpflicht muss vom Arbeitsplatz weg! #imzentrum
1470151801160835073	grafkaroly	2021-12-12 22:01:18+00:00	Twitter Web App	None	None	None	0	RT @KernNiko: Psychische Probleme gelten als Ausschlussgrund f√ºr eine Impfung? L√§cherlich... #ImZentrum
1470151772874420238	Werbeblocker201	2021-12-12 22:01:11+00:00	Twitter for Android	None	None	None	0	Frau Reiterer versucht auch etwas zu z√ºndeln #imzentrum
1470151756961226755	Marion_Marija	2021-12-12 22:01:07+00:00	Twitter for Android	None	None	None	0	Bitte bitte, lasst das Mal mit dem Abholen. Von Seiten der Regierung ist da der Zug abgefahren und Geimpfte sind es leid Leute abzuholen. Was ja auch nicht unsere Aufgabe ist. So nebenbei. #imzentrum
1470151685859389452	S_Beck19	2021-12-12 22:00:50+00:00	Twitter for Android	None	None	None	2	Seltsames #imzentrum. Expertinnen √§u√üern ihre Bedenken gegen√ºber einer Impfpflicht, nennen aber keine Alternative mit Ausnahme der vagen Idee von "Beratungen", die es seit Monaten nicht gibt.
1470151649926828034	fuerihrekuehe	2021-12-12 22:00:42+00:00	Twitter for Android	None	None	None	0	wir m√ºssen hakeln damit wir uns die Impfung leisten k√∂nnen #imzentrum
1470151576115425288	EKliesspies	2021-12-12 22:00:24+00:00	Twitter for Android	None	None	None	0	RT @TomMayerEuropa: Und schon wieder der Filzmaier #ImZentrum
1470151564128141315	Werbeblocker201	2021-12-12 22:00:21+00:00	Twitter for Android	None	None	None	0	Sollen jetzt alle ungeimpfte ihren Job verlieren? #imzentrum
1470151462919544833	Khun_Kurt	2021-12-12 21:59:57+00:00	Twitter for Android	None	None	None	0	WHO spricht sich dezitiert gegen Impfpflicht aus, warum findet Gov. √ñsterreich keine Antwort auf, Impfen Ja, Impfpflicht Nein #imzentrum https://t.co/1IyyRpsxCw
1470151413305069575	weberdaniel	2021-12-12 21:59:45+00:00	Twitter for Android	None	None	None	0	Das mit der Impfpflicht wurde verpfuscht wie alles andere auch. #imzentrum
1470151404727775246	denkwerkstatt	2021-12-12 21:59:43+00:00	Twitter for Android	None	None	None	0	Der Erz√§hlung, dass es eine Impfpflicht braucht, weil alles andere nicht funktioniert hat und diese Situation nicht absehbar war, mangelt es ein wenig an Glaubw√ºrdigkeit. #imzentrum
1470151361408995332	lightyear2000	2021-12-12 21:59:33+00:00	Twitter for Android	None	None	None	0	1,3 Mio Menschen sind in √ñsterreich derzeit ungeimpft. #imzentrum https://t.co/THRNUs8JIR
1470151347517468673	wolframtanzt	2021-12-12 21:59:29+00:00	Twitter Web App	None	None	None	0	Bis jetzt ist keine der Diskutant:innen zufrieden mit der allg. #Impflicht. Ich √ºbrigens auch nicht. Warum kommt sie dennoch? Weil es sich die Politik (siehe LH-Konferenz in Tirol) damit einfach macht (und scheitern wird) #imzentrum
1470151210158243850	MrUlmrich	2021-12-12 21:58:57+00:00	Twitter Web App	None	None	None	0	"a b h o l e n" Geh bitte! Ja, abholen, vor Gericht stellen, und da kann dann jeder Impfunwillige seine "Argumente" vorbringen. Und wenn sie ihm irgendwann ausgehen, dann kommt die üíâ #ImZentrum
1470151192521191428	hans_oh_hans	2021-12-12 21:58:53+00:00	Twitter for iPhone	None	None	None	0	Wie lange f√ºhren wir Dialoge mit Impfskeptikern um sie zu √ºberzeugen ? Bis zur 10. Welle? #imzentrum
1470151187752267779	uebersleben	2021-12-12 21:58:51+00:00	Twitter for iPhone	None	None	None	0	Okay. Das Gesundheitssystem wird dank #omikron und diesem Zickzack-Kurs im Feb/M√§rz zusammenbrechen. Hohe Todeszahlen, Triage, ausgebranntes medizinisches und pflegerisches Personal. Unverantwortlich! #imzentrum
1470151183721508875	evamariagamper	2021-12-12 21:58:50+00:00	Twitter for Android	None	None	None	0	RT @ORFImZentrum: Rund 1,3 Millionen √ñsterreicher:innen ab 14 Jahren haben sich noch nicht gegen Covid-19 impfen lassen. #imzentrum https:‚Ä¶
1470151182920339459	ManuelaVollmann	2021-12-12 21:58:50+00:00	Twitter for iPhone	None	None	None	0	Lauter gescheite Frauen heute #imzentrum . Und auch noch in eindeutiger Mehrheit . Welch Wohltat üëç #ORF2
1470151077190373387	ORFImZentrum	2021-12-12 21:58:25+00:00	Twitter Web App	None	None	None	3	Rund 1,3 Millionen √ñsterreicher:innen ab 14 Jahren haben sich noch nicht gegen Covid-19 impfen lassen. #imzentrum https://t.co/XGWQGLb9bL
1470150891697229828	MuiViertler	2021-12-12 21:57:41+00:00	Twitter for Android	None	None	None	1	Tolles Statement, Erkl√§rung sowie L√∂sungsvorschlag f√ºr die Erh√∂hung der Impfquote ohne √ºbergriffige #Impfpflicht durch Frau @BPrainsack üëç #imzentrum
1470150844041547784	ICCzermak	2021-12-12 21:57:29+00:00	Twitter for Android	None	None	None	0	Diese ganze Thematik macht so m√ºde, so m√ºde. Und dann geht der Schas erst weg, wenn in zwei Jahren der Neptun aus den Fischen geht. #imzentrum
1470150776920096774	stupmed	2021-12-12 21:57:13+00:00	Twitter for Android	None	None	None	0	Eine teilweise Impfpflicht w√§re gut, mit 1 1/2 Impfungen k√∂nnten wahrscheinlich alle leben. #imzentrum
1470150753532715013	Akram_Akramovic	2021-12-12 21:57:08+00:00	Twitter Web App	None	None	None	0	Teil-Impfpflicht f√ºr zB. 60J+ w√§re auch eine Option..Warum nicht? #imzentrum
1470150729692241924	broethaler	2021-12-12 21:57:02+00:00	Twitter for Android	None	None	None	0	RT @karmen_riedl: RA K√∂rber -Risak vertritt haupts√§chlich Arbeitgeber Innen vor Gericht. . Finde,das sollte man wissen,wenn ORF sie als Arb‚Ä¶
1470150726290706443	DerVereinfacher	2021-12-12 21:57:01+00:00	Twitter for iPhone	None	None	None	0	Es wird wohl so sein, dass die Impfpflicht nicht zu 100% effektiv sein wird. Dem entgegen steht der Zeitfaktor. Die ca. 1 Mio Ungeimpfen alle zu beraten dauert vermutlich zu lange, wenn man die anf√§ngliche Verweigerungen miteinberechnet. #imzentrum
1470150697408729092	JonasVasak	2021-12-12 21:56:54+00:00	Twitter Web App	None	201632630	BPrainsack	0	@BPrainsack: Beratungspflicht statt #Impfpflicht. F√§nde ich auch gut, nur f√ºrchte ich, dass es jetzt daf√ºr zu sp√§t ist. Das h√§tte man bereits im August/September machen m√ºssen, als die Impfstoffknappheit aus war. #ImZentrum #ORF2
1470150691108884485	lightyear2000	2021-12-12 21:56:53+00:00	Twitter for Android	None	None	None	0	Beratungspflicht statt Impfzwang: weil eine Impfpflicht Reaktanz ausl√∂sen k√∂nnte (man verliert Impfbef√ºrworter*innen durch einen Zwang), sagt @BPrainsack. #imzentrum
1470150507658371074	realpinkbanana	2021-12-12 21:56:09+00:00	Twitter for iPhone	None	None	None	0	Die ewigen Samthandschuhe f√ºr ‚ÄúBesorgte‚Äù und ‚ÄúAblehnende‚Äù - sorry: no #imzentrum #impfpflicht
1470150457913970697	karinhutter	2021-12-12 21:55:57+00:00	Twitter Web App	None	None	None	0	RT @HWorliczek: "Zun√§chst war er heute doppelter und dreifacher Krisenkommunikator..." Jetzt dachte ich kurz, dass Filzi sich die unterird‚Ä¶
1470150408396021771	hans_oh_hans	2021-12-12 21:55:46+00:00	Twitter for iPhone	None	None	None	0	Wenn Expertinnen sich gegen die Impfpflicht aussprechen aber keinen klaren Weg vorzeigen, wie wir eine hohe Durchimpfungsrate erreichen I geh schlofn #imzentrum
1470150361591726084	3chrisdre	2021-12-12 21:55:34+00:00	Twitter for Android	None	None	None	0	Keiner will dir Impflicht. Viele glauben sie allein wird das Problem nicht l√∂sen. Aber sie kommt trotzdem. ü§†#imzentrum #zib2 #zibspezial
1470150250715389954	ItsSoMagic1	2021-12-12 21:55:08+00:00	Twitter for Android	None	None	None	0	Ja, genau. Gut zureden w√ºrde die Impfquote massiv erh√∂hen. ü§™ #ImZentrum
1470150159598243846	kofi2go	2021-12-12 21:54:46+00:00	Twitter for iPhone	None	None	None	0	Prainsack hat nat√ºrlich Recht. Aufkl√§rung &gt; Impfpflicht. Alleine: Wir werden weder die Zeit noch das Personal daf√ºr haben. #imzentrum
1470150068091162624	KernNiko	2021-12-12 21:54:24+00:00	Twitter for iPhone	None	None	None	5	Psychische Probleme gelten als Ausschlussgrund f√ºr eine Impfung? L√§cherlich... #ImZentrum
1470150029629345797	andree_1988	2021-12-12 21:54:15+00:00	Twitter Web App	None	None	None	0	RT @philbrokes: Der @coistric konfrontiert Dagmar Belakowitsch gerade mit deren eigenem Entschlie√üungsantrag aus 2008, ungeimpfte Kinder au‚Ä¶
1470149981331939334	uebersleben	2021-12-12 21:54:04+00:00	Twitter for iPhone	None	None	None	0	Na toll, jetzt wird die Impfpflicht von Expert:innen in Frage gestellt. Was soll dieser Zickzack-Kurs?#imzentrum
1470149961748733952	monikapayreder	2021-12-12 21:53:59+00:00	Twitter for iPhone	None	None	None	0	Frau Reich sagte grad sehr deutlich, dass Nehammer der erste der drei Kanzler ist, der sich f√ºr Corona (also die Expertenmeinungen dazu) interessiert. #imzentrum
1470149919851921419	HandmadePetras	2021-12-12 21:53:49+00:00	Twitter for iPhone	None	None	None	0	Filzmeier imZentrum. Fr√ºher nannte man es ‚Äûder Hahn im Korb‚Äú #imzentrum
1470149914462232578	FriendPolo	2021-12-12 21:53:48+00:00	Twitter for iPhone	None	None	None	0	Also dieses Argument, dass man durch die Impfpflicht Leute verliert, erschlie√üt sich mir nicht ganz. Es ist ja dann eine PFLICHT #imzentrum
1470149788867964936	simonweiss_	2021-12-12 21:53:18+00:00	Twitter for iPhone	None	None	None	0	Die Bek√§mpfung der Corona-Krise d√ºrfte dem neuen Kanzler ja ein gr√∂√üeres Anliegen sein als dem vorvorherigen, wenn man CMO Reich folgt. W√ºnschenswert w√§re es ja. #zibspezial #zib2 #ImZentrum #Nehammer #Impfpflicht #Lockdown
1470149761265192961	__ungeimpft__	2021-12-12 21:53:11+00:00	Twitter for Android	None	None	None	23	#imzentrum Wer die Pockenimpfung mit den Dauerimpfungen gegen Covid, die niemanden vor Infektion sch√ºtzen vergleicht, hat mehrere Spr√ºnge in der Sch√ºssel. Diese Covid-Pflichtimpfung kann es nicht geben. Niemals. Das ist Volkspflanzerei u. Pharmah√∂rigkeit.
1470149759415558144	Desertrold	2021-12-12 21:53:11+00:00	Twitter Web App	1470149380606996491	347111716	rudifussi	0	@rudifussi Impfpflichtskeptizismus bei #imzentrum.
1470149741497495552	gittifee	2021-12-12 21:53:07+00:00	Twitter for iPhone	None	None	None	0	Jetzt hab ich den Inspector Barnaby links liegen lassen--- und schau #imzentrum
1470149709075562499	tofutti123	2021-12-12 21:52:59+00:00	Twitter Web App	None	None	None	0	RT @arminthurnher: Gendertriumph bei #imzentrum: Luter Wiber* au√üer Filzmaier * (alemannisch = lauter Frauen).
1470149675261038604	docugraf	2021-12-12 21:52:51+00:00	Twitter Web App	None	None	None	0	ist die heutige Runde bei der #Reiterer bis auf den Filzmeier weiblich? #imzentrum
1470149636199485442	MargitDraxl	2021-12-12 21:52:41+00:00	Twitter for iPhone	None	None	None	0	√ñsterreich üá¶üáπ halt immer schon impfskeptisch. Das war leider immer schon so und gewusst haben das auch alle. #imzentrum
1470149492737556483	harald_eff	2021-12-12 21:52:07+00:00	Twitter Web App	None	None	None	0	Im Jahr 18.. war gar nichts wissenschaftlich belegt, man hat da nichts √ºber Viren gewusst. #ImZentrum
1470149471212388357	reichelmut	2021-12-12 21:52:02+00:00	Twitter for Android	None	None	None	0	Filzmaier, der neue Niki Nationale! Wei√ü er wirklich alles besser? #imzentrum
1470149469249458176	PGimpler	2021-12-12 21:52:02+00:00	Twitter for Android	1470148825822208001	1185108027994714112	arminthurnher	0	@arminthurnher das n√§chste #imzentrum mit Nehmammers Nachfolger kommt bestimmt bald
1470149446352707588	philbrokes	2021-12-12 21:51:56+00:00	Twitter for iPhone	None	None	None	2	Der @coistric konfrontiert Dagmar Belakowitsch gerade mit deren eigenem Entschlie√üungsantrag aus 2008, ungeimpfte Kinder aus dem Kindergarten zu verbannen und ich finde, besser wird der Abend nicht üçø #impfpflicht #imzentrum https://t.co/YFVbmCbruP
1470149240320143360	JonasVasak	2021-12-12 21:51:07+00:00	Twitter Web App	None	None	None	0	Filzi sagt richtig: Man muss zwischen verunsicherten Impfskeptikern und radikalen #Impfverweigerer differenzieren. Erstere k√∂nnen noch zur√ºckgeholt werden und hier muss man auf Aufkl√§rung setzen und √Ñngste bek√§mpfen. Bei letzteren ist dies nicht mehr m√∂glich. #imzentrum
1470149049638662152	coronareise_at	2021-12-12 21:50:22+00:00	Twitter Web App	None	None	None	0	RT @nudlegg: Voila: #Nehammer hat offenbar die Unwahrheit gesagt. Der Rechenschaftsbericht 2019 der #√ñVP wurde als EINZIGER noch nicht ver√∂‚Ä¶
1470149022249803781	HWorliczek	2021-12-12 21:50:15+00:00	Twitter for Android	None	None	None	1	"Zun√§chst war er heute doppelter und dreifacher Krisenkommunikator..." Jetzt dachte ich kurz, dass Filzi sich die unterirdische Akustik der #zibspezial vornimmt üòÜ #imzentrum
1470149014142267402	pezidunkler	2021-12-12 21:50:13+00:00	Twitter for iPhone	None	None	None	0	#imzentrum is die Katharina Reich nicht die arme Sau, die letztes Jahr in ihre Position gebracht wurde, nachdem irgendwas im Gesundheitsministerium arg in die Hose gegangen ist und man jemanden gesucht hat, der daf√ºr herhalten musste ?
1470149003715174404	lightyear2000	2021-12-12 21:50:11+00:00	Twitter for Android	None	None	None	0	Neonazis interessiert das Impfthema nicht, sie wollen mit dem Thema nur Leute agitieren, so Filzi sinngem√§√ü #imzentrum
1470148988699656199	WalterWeiland	2021-12-12 21:50:07+00:00	Twitter for iPad	None	None	None	0	Bei Filzi schon wieder ein ungew√ºnschter ‚ÄûOberton‚Äú‚Ä¶. was‚Äòn los heute mit der Tontechnik? #imzentrum
1470148944151945226	RobertGlattau	2021-12-12 21:49:56+00:00	TweetDeck	None	None	None	0	Jetzt wo #Filzi es auch sagt, trau ich mich raus: #Nehammer's Pandemie-Kommunikation hat was. #imzentrum
1470148887117807622	3lite	2021-12-12 21:49:43+00:00	Twitter Web App	1470148260807458817	18550630	3lite	0	@los_tomos #imzentrum ger√§t ja beinahe ins Schw√§rmen.
1470148795233189891	pia_pe	2021-12-12 21:49:21+00:00	Twitter Web App	None	None	None	1	Katharina Reich sagt, Nehammer hat Dinge wissen wollen, er hat nachgefragt, anders als Schallenberg und Kurz. Lol. #imZentrum
1470148763608096775	nicokubrak	2021-12-12 21:49:13+00:00	Twitter for iPhone	None	None	None	0	Filzmaier: ‚ÄûNehammer h√§lt das Erwartungsspiel niedrig.‚Äú Sehr niedrig w√ºrd ich sogar sagen. #imzentrum
1470148759506100238	karmen_riedl	2021-12-12 21:49:12+00:00	Twitter for iPhone	None	None	None	2	RA K√∂rber -Risak vertritt haupts√§chlich Arbeitgeber Innen vor Gericht. . Finde,das sollte man wissen,wenn ORF sie als Arbeitsrechtsexpertin vorstellt #imzentrum #Arbeitsrecht
1470148753738932229	Anjanas_new	2021-12-12 21:49:11+00:00	Twitter Web App	None	None	None	0	#imzentrum ü§£ü§£ü§£ Reich schw√§rmt ja fast
1470148734931587073	Basswurst	2021-12-12 21:49:07+00:00	Twitter for iPhone	None	None	None	0	#Pandamie #imzentrum
1470148651314212864	gebinger01	2021-12-12 21:48:47+00:00	Twitter Web App	None	None	None	0	5 Frauen und der @PeterFilzmaier. Sehr taff! #ImZentrum
1470148496833626124	TomMayerEuropa	2021-12-12 21:48:10+00:00	Twitter for iPhone	None	None	None	1	Und schon wieder der Filzmaier #ImZentrum
1470148409109716998	arminthurnher	2021-12-12 21:47:49+00:00	Twitter Web App	None	None	None	2	Gendertriumph bei #imzentrum: Luter Wiber* au√üer Filzmaier * (alemannisch = lauter Frauen).
1470148387022454789	MichiTom742	2021-12-12 21:47:44+00:00	Twitter for Android	None	None	None	0	#imzentrum trifft #Filzmaier wieder mal den Nagel auf den Kopf!
1470148312976220161	_GRUH_	2021-12-12 21:47:26+00:00	Twitter Web App	None	None	None	0	#imzentrum ohne FP√ñ Teilnehmer? K√∂nnte endlich mal Richtung Bildungsfernsehen gehen.
1470148269191876621	schwalm_stefan	2021-12-12 21:47:16+00:00	Twitter for Android	None	None	None	0	Ein Sieg der Gleichberechtigung; @PeterFilzmaier als Quotenmann bei @reiterec #ImZentrum
1470148261382172675	RolandReichart	2021-12-12 21:47:14+00:00	Twitter for Android	None	None	None	0	Heute #ImZentrum: Wieder keine Diskussion, nur #propaganda von gleichgeschalteten, gesumpften G√§sten, die Argumente bringen, die dem gesumpften Publikum gefallen. Die anderen melden #GIS ab und malen derweil Schilder f√ºr die n√§chste #Demo vor den #Landesregierungen am 15.12.21.
1470148214137540612	KorneliaHei	2021-12-12 21:47:02+00:00	Twitter for Android	None	None	None	0	Filzi heute Hahn im Korb üòÄ #imzentrum
1470148203547103235	ChristophFreina	2021-12-12 21:47:00+00:00	TweetDeck	None	None	None	0	Bitte, was ist eigentlich "ORF on"? Einfach https://t.co/m0eS5lMxPb, oder? #imzentrum
1470148176548188160	LawinenL	2021-12-12 21:46:53+00:00	Twitter for Android	None	None	None	0	der @PeterFilzmaier hat sicher so einen Pr√ºgel. #imzentrum
1470148142645587976	tollereise	2021-12-12 21:46:45+00:00	Twitter for iPhone	None	None	None	0	Jetzt zur Belohnung @PeterFilzmaier #imzentrum #zib2
1470148102585974784	SoucekThomas	2021-12-12 21:46:36+00:00	Twitter for Android	None	None	None	0	Filzi als Hahn im Korb. #imzentrum
1470148095988088832	Susi_Held	2021-12-12 21:46:34+00:00	Twitter for Android	None	None	None	0	Nur Frauen bei #imzentrum? Filzi z√§hlt nicht ...
1470148056188432386	stch62	2021-12-12 21:46:25+00:00	Twitter Web App	None	None	None	0	RT @nudlegg: Voila: #Nehammer hat offenbar die Unwahrheit gesagt. Der Rechenschaftsbericht 2019 der #√ñVP wurde als EINZIGER noch nicht ver√∂‚Ä¶
1470147858212876289	ok_ka1	2021-12-12 21:45:38+00:00	Twitter for Android	None	None	None	0	Wir es eine #imZentrum Sendung auch f√ºr Sebastian #Kurz geben, wie f den #Strache damals? https://t.co/bz0IovX9pU
1470147835228307477	nudlegg	2021-12-12 21:45:32+00:00	Twitter for iPad	None	None	None	2	Voila: #Nehammer hat offenbar die Unwahrheit gesagt. Der Rechenschaftsbericht 2019 der #√ñVP wurde als EINZIGER noch nicht ver√∂ffentlicht. ‚ÄúVolle Transparenz‚Äù https://t.co/bdQyzJomnX #zib2 #imzentrum https://t.co/g2GRUKErNf https://t.co/Phla5ZnKkO
1470147489462243330	spindocAT	2021-12-12 21:44:10+00:00	Twitter for Android	None	183542655	karlnehammer	0	@karlnehammer hat sich echt gut pr√§sentiert. Staatstragend, kompetent und menschlich.Also die entt√§uschten Pensis hater er sicher in gro√üen Teilen wieder an Board. Meine Skepsis bleibt. #zibspezial #zib2 #ORF2 #Nehammer #Bundeskanzler #imzentrum
1470147349792149508	uebersleben	2021-12-12 21:43:36+00:00	Twitter for iPhone	None	None	None	0	Bin nach diesem Interview fertig - und jetzt noch #imzentrum ? Die Hoffnung stirbt zuletzt. ;) #zib2
1470147293399633922	harald_eff	2021-12-12 21:43:23+00:00	Twitter Web App	None	None	None	0	#ImZentrum heute erfreulicherweise ohne Schwurbler?
1470147252010295307	Schnatterliesl	2021-12-12 21:43:13+00:00	Twitter for Android	None	None	None	0	Was wird #filzmeier von seinem Sch√ºler #nehammer wohl sagen? Kommunikationsgenie üëçüòÇ #imzentrum
1470147007520124929	Dneu869	2021-12-12 21:42:15+00:00	Twitter for Android	1470146717769216001	1145290529602756608	NinoPortschy	0	@NinoPortschy #ImZentrum!
1470146951148716036	der_gutinger	2021-12-12 21:42:01+00:00	Twitter for iPhone	1470146212330459142	1158653651361161216	ThomasWalach	0	@ThomasWalach @karlnehammer Bin gespannt wie @PeterFilzmaier diesen Auftritt bei @reiterec #imzentrum einsch√§tzt. Immerhin hat Nehammer ja bei ihm politische Kommunikation studiert.
1470146882508926979	LRaithofer	2021-12-12 21:41:45+00:00	Twitter for iPhone	None	None	None	0	One thing is for sure: @PeterFilzmaier schnalzt bereits mit der Zunge #Nehammer #imzentrum
1470146874812346375	LawinenL	2021-12-12 21:41:43+00:00	Twitter for Android	None	None	None	0	Lernen's a bisserl Geschichte, Herr Bundeskanzler! #zib2 #imzentrum @karlnehammer @ArminWolf @corinnamilborn
1470146858731323392	gabistieninger	2021-12-12 21:41:39+00:00	Twitter for Android	None	None	None	0	4 Frauen und 1 Mann "Im Zentrum"... war ein Blackout, Hackerangriff oder eine Zombieapokalypse w√§hrend der Sendungsplanung? #imzentrum
1470146717769216001	NinoPortschy	2021-12-12 21:41:06+00:00	Twitter Web App	None	None	None	0	#imzentrum schauen oder f√ºr die ganzen Termine morgen vorbereiten? (das mit lernen f√ºr die Klausur is eh scho wurscht)
1470146566333906957	rudifussi	2021-12-12 21:40:30+00:00	Twitter for Android	None	None	None	0	Okay. Schlimmer als der Ton wird #imzentrum auch nicht werden. Wobei sicher bin ich mir nicht. Im ORF wird √ºber Impfpflicht diskutiert, ATV bringt Hofer und Hajek bei Knapp. Heute also lieber Privat-TV.
1470145938194849794	ChristophFreina	2021-12-12 21:38:00+00:00	TweetDeck	None	None	None	0	#ImZentrum versp√§tet?
1470144486378545157	salzgurkerl	2021-12-12 21:32:14+00:00	Twitter for iPhone	None	None	None	0	Austrofaschismus und Austromarxismus gleichzusetzen find ich schmutzig. Dollfuss war ein Austrofaschistischer Verbrecher. #zib2 #imzentrum
1470141752891920384	lukas_abulesz	2021-12-12 21:21:22+00:00	Twitter for iPhone	1470140717200728071	197390887	FlorianBayer	0	@FlorianBayer @ORF @puls4 @ATV @ArminWolf @corinnamilborn Ad 1) Das Interview wird gleich im Anschluss bei #imZentrum von Peter Filzmaier analysiert. Ad 2) Es gibt noch zahlreiche Tageszeitungen, 12 Radiosender des ORF und unz√§hlige private Radiosender. Das Problem wird man in √ñsterreich immer haben. √ñsterreich ist klein.
1470139962142113795	bundesminista	2021-12-12 21:14:15+00:00	Twitter for iPhone	None	None	None	0	Haben sie jetzt den #imzentrum-jingle im Hintergrund abgespielt? #zib2
1470138412577570819	ORFImZentrum	2021-12-12 21:08:06+00:00	Twitter for iPhone	None	None	None	0	RT @Julia_Ortner: Und gleich nach Karl Nehammer in der #zib2 die Analyse und Diskussionsrunde bei den Freund*innen von #imzentrum. 22.30,‚Ä¶
1470137328538632195	ValeskaK	2021-12-12 21:03:47+00:00	Twitter Web App	1470136433562337297	724588129580142592	dju__lee	0	@dju__lee imzentrum schon, aber vorher ist das interview mit dem kanzler, das dann in der sendung besprochen wird
1470137274964848642	cybersyb1210	2021-12-12 21:03:34+00:00	Twitter for Android	None	None	None	5	Schade, dass keine Expert:innen der @Arbeiterkammer bei #imzentrum dabei ist. Die haben nicht nur mit #gehbitte die bislang beste Impfkampagne, sondern auch zu Corona am Arbeitsplatz viel Gescheites zu sagen.
1470136433562337297	dju__lee	2021-12-12 21:00:14+00:00	Twitter for Android	None	None	None	0	Kann 1 heute #imzentrum oder besser net?!
1470135347120156672	Julia_Ortner	2021-12-12 20:55:55+00:00	Twitter Web App	None	None	None	2	Und gleich nach Karl Nehammer in der #zib2 die Analyse und Diskussionsrunde bei den Freund*innen von #imzentrum. 22.30, ORF2. https://t.co/k6bj0YVynm
1470134876967944199	Hofrat_M	2021-12-12 20:54:03+00:00	Twitter for iPhone	None	None	None	0	RT @danielwisser: Gibt Gerda Rogers heute die neue. Umfragewerte bekannt? #zib2 #imzentrum
1470134105375444993	danielwisser	2021-12-12 20:50:59+00:00	Twitter for iPhone	None	None	None	2	Gibt Gerda Rogers heute die neue. Umfragewerte bekannt? #zib2 #imzentrum
1470133792274845708	bundesminista	2021-12-12 20:49:44+00:00	Twitter for iPhone	None	None	None	0	Wenn meine Pl√§ne A-D nicht klappen werde ich Titelerfinder f√ºr #ImZentrum
1470133126307450888	RudolfineZ	2021-12-12 20:47:05+00:00	Twitter Web App	None	None	None	0	#ImZentrum Prof. #Filzi &amp; die Damenrunde üëçüòÖüçÄüëÅÔ∏èwird wohl eine feine Diskussion...
